run_idx,ts,scenario,status,min_ttc,max_jerk,max_yaw,max_lat_accel,brake_delay,recovery,lane_dev,overshoot,rtf,slowmo,latency_med,latency_p95,collisions,completed,n_metric_frames,n_events,duration_s,jsonl
1,2026-06-29T19:57:07,C1,ok,1.204900438744516,49.83947368419621,1.9656,11.9445,13.731000000000222,,1.744,0.3000000000000007,1.0,0,2.753,11.54,0,1,10215,16,410.1,run0001_C1_20260629_195013.jsonl
2,2026-06-29T20:00:00,C2,ok,0.29990820073439417,49.95526315788039,0.98367,10.9531,5.024999999999999,1.2950000000000017,0.881,90.57,1.0001,0,2.223,20.079,23,0,3786,26,164.0,run0002_C2_20260629_195713.jsonl
3,2026-06-29T20:07:02,C1,ok,1.204900438744516,49.96578947368387,1.9656,11.9445,13.730999999999995,,1.744,0.3000000000000007,1.0,0,2.656,10.146,0,1,10165,16,414.1,run0003_C1_20260629_200005.jsonl
4,2026-06-29T20:09:53,C2,ok,2.26488377241532,49.794736842090956,0.49912,10.1758,4.026000000000003,0.2950000000000017,0.916,90.57,0.9999,0,2.146,2.616,0,0,3873,3,162.0,run0004_C2_20260629_200708.jsonl
5,2026-06-29T20:16:58,C1,ok,1.204900438744516,49.9076923077086,1.9656,11.9445,13.730999999999995,,1.737,0.3000000000000007,0.9994,0,2.7,8.148,0,1,10358,16,416.1,run0005_C1_20260629_200959.jsonl
6,2026-06-29T20:19:49,C2,ok,1.8570284510010537,49.40000000000428,0.75399,11.9475,3.7790000000000035,0.047999999999998266,1.657,62.93000000000001,0.9999,0,2.203,9.107,0,0,3882,3,162.0,run0006_C2_20260629_201704.jsonl
7,2026-06-29T20:26:52,C1,ok,1.204900438744516,49.96578947368387,1.9656,11.9445,13.730999999999995,,1.744,0.3000000000000007,0.9999,0,2.699,7.189,0,1,10226,16,414.1,run0007_C1_20260629_201954.jsonl
8,2026-06-29T20:29:42,C2,ok,1.9991729913635174,49.34736842105691,0.48039,10.1784,4.084999999999997,0.3930000000000007,0.795,90.57,0.9991,0,2.192,35.981,0,0,3703,3,162.0,run0008_C2_20260629_202657.jsonl
9,2026-06-29T20:36:43,C1,ok,1.204900438744516,49.73684210532328,1.9656,11.9445,13.730999999999995,,1.744,0.3000000000000007,0.9995,0,2.716,10.0,0,1,10099,16,412.1,run0009_C1_20260629_202948.jsonl
10,2026-06-29T20:39:36,C2,ok,3.3622222222222224,49.96315789472249,0.48249,9.0257,4.289999999999999,0.559000000000001,0.821,46.040000000000006,0.9999,0,2.133,6.291,0,0,3879,3,164.0,run0010_C2_20260629_203649.jsonl
11,2026-06-29T20:46:43,C1,ok,1.204900438744516,49.82307692302058,1.9656,11.9445,13.730999999999995,,1.737,0.3000000000000007,0.9994,0,2.725,7.996,0,1,10380,16,418.1,run0011_C1_20260629_203941.jsonl
12,2026-06-29T20:49:33,C2,ok,2.057598152424942,49.97894736842539,0.48054,9.0595,4.020000000000003,0.2510000000000012,0.818,46.08,1.0,0,2.161,11.0,0,0,3885,3,162.0,run0012_C2_20260629_204648.jsonl
13,2026-06-29T20:56:40,C1,ok,1.204900438744516,49.907692307635855,1.9656,11.9445,13.730999999999995,,1.737,0.3000000000000007,1.0,0,2.728,8.33,0,1,10339,16,418.1,run0013_C1_20260629_204939.jsonl
14,2026-06-29T20:59:31,C2,ok,1.8465217391304345,49.30526315789902,0.49155,10.1471,3.953000000000003,0.2220000000000013,0.794,90.57,1.0,0,2.171,9.371,0,0,3860,3,162.0,run0014_C2_20260629_205646.jsonl
15,2026-06-29T21:06:35,C1,ok,1.204900438744516,49.8230769230932,1.9656,11.9445,13.730999999999995,,1.737,0.3000000000000007,0.9992,0,2.683,6.703,0,1,10268,16,416.1,run0015_C1_20260629_205936.jsonl
16,2026-06-29T21:09:28,C2,ok,1.7688508064516129,49.697368421056936,0.61696,9.0257,4.328000000000003,0.5970000000000013,1.021,71.24,0.9997,0,2.203,3.333,0,0,3869,3,164.0,run0016_C2_20260629_210641.jsonl
17,2026-06-29T21:16:29,C1,ok,1.204900438744516,49.83947368423349,1.9656,11.9445,13.730999999999995,,1.744,0.3000000000000007,0.9995,0,2.684,4.063,0,1,10234,16,412.1,run0017_C1_20260629_210934.jsonl
18,2026-06-29T21:19:20,C2,ok,3.5408061420345494,49.97368421053065,0.4824,11.8685,3.7719999999999985,0.04100000000000037,0.889,63.31,0.9999,0,2.132,11.226,0,0,3869,3,162.0,run0018_C2_20260629_211635.jsonl
19,2026-06-29T21:26:22,C1,ok,1.204900438744516,49.96578947368387,1.9656,11.9445,13.72999999999999,,1.744,0.3000000000000007,1.0,0,2.663,6.496,0,1,10248,16,414.1,run0019_C1_20260629_211925.jsonl
20,2026-06-29T21:29:13,C2,ok,2.1827445652173916,49.578947368425354,0.48245,10.9563,3.6529999999999987,0.036999999999999034,0.818,61.44,1.0001,0,2.163,2.551,0,0,3859,3,162.0,run0020_C2_20260629_212628.jsonl
21,2026-06-29T21:36:20,C1,ok,1.204900438744516,49.8230769230932,1.9656,11.9445,13.730999999999995,,1.737,0.3000000000000007,0.9994,0,2.712,4.843,0,1,10382,16,418.1,run0021_C1_20260629_212918.jsonl
22,2026-06-29T21:39:11,C2,ok,1.9207394366197184,49.97368421051196,0.55269,9.6797,4.177,0.4460000000000015,1.007,62.97,1.0001,0,2.127,7.742,0,0,3867,3,162.0,run0022_C2_20260629_213626.jsonl
23,2026-06-29T21:46:13,C1,ok,1.204900438744516,49.96578947368387,1.9656,11.9445,13.730000000000018,,1.744,0.3000000000000007,0.9994,0,2.678,3.538,0,1,10234,16,414.1,run0023_C1_20260629_213916.jsonl
24,2026-06-29T21:49:04,C2,ok,1.6076669557675627,49.8105263157938,0.48257,10.5262,3.7239999999999966,0.030999999999998806,0.82,90.57,1.0,0,2.138,16.284,0,0,3831,3,162.0,run0024_C2_20260629_214619.jsonl
25,2026-06-29T21:56:11,C1,ok,1.204900438744516,49.83947368419621,1.9656,11.9445,13.730999999999995,,1.737,0.3000000000000007,0.9999,0,2.749,12.404,0,1,10128,16,418.1,run0025_C1_20260629_214910.jsonl
26,2026-06-29T21:59:02,C2,ok,3.457584905660377,49.97435897435708,0.54701,11.253,3.9339999999999975,0.2029999999999994,0.927,77.36,0.9997,0,2.113,7.576,627,0,3861,630,162.0,run0026_C2_20260629_215617.jsonl
27,2026-06-29T22:06:08,C1,ok,1.204900438744516,49.96578947368621,1.9656,11.9445,13.730999999999995,,1.737,0.3000000000000007,0.9992,0,2.793,10.317,0,1,10364,16,418.1,run0027_C1_20260629_215907.jsonl
28,2026-06-29T22:09:01,C2,ok,1.0854445462878093,49.70789473682783,0.47962,10.1477,4.268999999999998,0.5380000000000003,0.779,90.57,1.0,0,2.168,10.665,0,0,3873,3,164.0,run0028_C2_20260629_220614.jsonl
29,2026-06-29T22:16:04,C1,ok,1.204900438744516,49.96578947368621,1.9656,11.9445,13.72999999999999,,1.744,0.3000000000000007,0.9995,0,2.694,3.363,0,1,10246,16,414.1,run0029_C1_20260629_220906.jsonl
30,2026-06-29T22:18:55,C2,ok,2.0714207275223058,49.802564102562215,0.56971,11.9145,3.764000000000003,0.03300000000000125,1.006,63.68000000000001,0.9999,0,2.166,2.536,0,0,3870,3,162.0,run0030_C2_20260629_221610.jsonl
31,2026-06-29T22:26:02,C1,ok,1.204900438744516,49.83947368419621,1.9656,11.9445,13.769000000000005,,1.737,0.3000000000000007,1.0,0,2.76,5.53,0,1,10351,16,418.1,run0031_C1_20260629_221900.jsonl
32,2026-06-29T22:28:52,C2,ok,1.8100348432055748,49.96410256410067,0.48463,10.7355,3.9909999999999997,0.26000000000000156,0.814,63.64,1.0001,0,2.13,2.549,0,0,3870,3,162.0,run0032_C2_20260629_222607.jsonl
33,2026-06-29T22:35:59,C1,ok,1.204900438744516,49.907692307635855,1.9656,11.9445,13.730999999999995,,1.737,0.3000000000000007,0.9994,0,2.751,4.641,0,1,10386,16,418.1,run0033_C1_20260629_222858.jsonl
34,2026-06-29T22:37:17,C2,exit_1,,,,,,,,,,,,,,0,,,70.0,run0034_C2_20260629_223605.jsonl
35,2026-06-29T22:44:20,C1,ok,1.204900438744516,49.56666666666479,1.9656,11.9445,13.730999999999995,,1.744,0.3000000000000007,1.0,0,2.729,3.906,0,1,10216,16,414.1,run0035_C1_20260629_223722.jsonl
36,2026-06-29T22:47:11,C2,ok,1.9809836065573772,49.99487179486991,0.48031,11.5919,3.6920000000000037,0.0,0.819,63.650000000000006,0.9997,0,2.182,13.965,0,0,3852,3,162.0,run0036_C2_20260629_224426.jsonl
37,2026-06-29T22:54:17,C1,ok,1.204900438744516,49.9076923077086,1.9656,11.9445,13.731000000000023,,1.737,0.3000000000000007,1.0,0,2.729,3.722,0,1,10368,16,418.1,run0037_C1_20260629_224716.jsonl
38,2026-06-29T22:57:08,C2,ok,1.5790304026294166,49.65000000000434,0.56533,9.0257,4.016000000000002,0.28500000000000014,1.197,62.34,0.9999,0,2.171,16.964,0,0,3790,3,162.0,run0038_C2_20260629_225423.jsonl
39,2026-06-29T23:04:25,C1,ok,1.204900438744516,49.96578947368387,1.9656,11.9445,13.730999999999995,,1.744,0.21999999999999886,0.9676,0,2.739,9.205,0,1,10201,16,428.1,run0039_C1_20260629_225714.jsonl
40,2026-06-29T23:07:16,C2,ok,1.5345496009122008,49.70789473684642,0.48236,11.4616,3.822999999999997,0.09199999999999875,0.825,90.57,1.0,0,2.176,2.513,0,0,3872,3,162.0,run0040_C2_20260629_230431.jsonl
41,2026-06-29T23:14:16,C1,ok,1.204900438744516,49.88684210526748,1.9656,11.9445,13.731000000000023,,1.744,0.3000000000000007,0.9999,0,2.761,11.622,0,1,10008,16,412.1,run0041_C1_20260629_230721.jsonl
42,2026-06-29T23:15:28,C2,exit_1,,,,,,,,,,,,,,0,,,64.0,run0042_C2_20260629_231422.jsonl
43,2026-06-29T23:16:38,C1,exit_1,,,,,,,,,,,,,,0,,,62.0,run0043_C1_20260629_231533.jsonl
44,2026-06-29T23:18:47,C2,exit_1,,,,,,,,,,,,,,0,,,122.0,run0044_C2_20260629_231643.jsonl
45,2026-06-29T23:20:57,C1,exit_1,,,,,,,,,,,,,,0,,,122.0,run0045_C1_20260629_231852.jsonl
46,2026-06-29T23:23:07,C2,exit_1,,,,,,,,,,,,,,0,,,122.0,run0046_C2_20260629_232102.jsonl
47,2026-06-29T23:25:17,C1,exit_1,,,,,,,,,,,,,,0,,,122.1,run0047_C1_20260629_232312.jsonl
48,2026-06-29T23:27:27,C2,exit_1,,,,,,,,,,,,,,0,,,122.0,run0048_C2_20260629_232522.jsonl
49,2026-06-29T23:29:37,C1,exit_1,,,,,,,,,,,,,,0,,,122.1,run0049_C1_20260629_232732.jsonl
50,2026-06-29T23:31:47,C2,exit_1,,,,,,,,,,,,,,0,,,122.0,run0050_C2_20260629_232942.jsonl
51,2026-06-29T23:32:57,C1,exit_1,,,,,,,,,,,,,,0,,,62.0,run0051_C1_20260629_233152.jsonl
52,2026-06-29T23:34:06,C2,exit_1,,,,,,,,,,,,,,0,,,62.0,run0052_C2_20260629_233302.jsonl
53,2026-06-29T23:36:16,C1,exit_1,,,,,,,,,,,,,,0,,,122.0,run0053_C1_20260629_233411.jsonl
54,2026-06-29T23:38:26,C2,exit_1,,,,,,,,,,,,,,0,,,122.0,run0054_C2_20260629_233621.jsonl
55,2026-06-29T23:39:35,C1,exit_1,,,,,,,,,,,,,,0,,,62.0,run0055_C1_20260629_233831.jsonl
56,2026-06-29T23:41:44,C2,exit_1,,,,,,,,,,,,,,0,,,122.0,run0056_C2_20260629_233940.jsonl
57,2026-06-29T23:42:54,C1,exit_1,,,,,,,,,,,,,,0,,,62.0,run0057_C1_20260629_234149.jsonl
58,2026-06-29T23:44:03,C2,exit_1,,,,,,,,,,,,,,0,,,62.0,run0058_C2_20260629_234259.jsonl
59,2026-06-29T23:46:13,C1,exit_1,,,,,,,,,,,,,,0,,,122.0,run0059_C1_20260629_234408.jsonl
60,2026-06-29T23:47:22,C2,exit_1,,,,,,,,,,,,,,0,,,62.0,run0060_C2_20260629_234618.jsonl
61,2026-06-29T23:49:32,C1,exit_1,,,,,,,,,,,,,,0,,,122.0,run0061_C1_20260629_234727.jsonl
62,2026-06-29T23:50:41,C2,exit_1,,,,,,,,,,,,,,0,,,62.0,run0062_C2_20260629_234937.jsonl
63,2026-06-29T23:51:51,C1,exit_1,,,,,,,,,,,,,,0,,,62.0,run0063_C1_20260629_235046.jsonl
64,2026-06-29T23:53:00,C2,exit_1,,,,,,,,,,,,,,0,,,62.0,run0064_C2_20260629_235156.jsonl
65,2026-06-29T23:54:09,C1,exit_1,,,,,,,,,,,,,,0,,,62.0,run0065_C1_20260629_235305.jsonl
66,2026-06-29T23:55:19,C2,exit_1,,,,,,,,,,,,,,0,,,62.0,run0066_C2_20260629_235414.jsonl
67,2026-06-29T23:56:28,C1,exit_1,,,,,,,,,,,,,,0,,,62.0,run0067_C1_20260629_235524.jsonl
68,2026-06-29T23:57:38,C2,exit_1,,,,,,,,,,,,,,0,,,62.0,run0068_C2_20260629_235633.jsonl
69,2026-06-29T23:59:47,C1,exit_1,,,,,,,,,,,,,,0,,,122.0,run0069_C1_20260629_235743.jsonl
70,2026-06-30T00:01:57,C2,exit_1,,,,,,,,,,,,,,0,,,122.0,run0070_C2_20260629_235952.jsonl
71,2026-06-30T00:04:06,C1,exit_1,,,,,,,,,,,,,,0,,,122.0,run0071_C1_20260630_000202.jsonl
72,2026-06-30T00:06:16,C2,exit_1,,,,,,,,,,,,,,0,,,122.0,run0072_C2_20260630_000411.jsonl
73,2026-06-30T00:07:25,C1,exit_1,,,,,,,,,,,,,,0,,,62.0,run0073_C1_20260630_000621.jsonl
74,2026-06-30T00:09:35,C2,exit_1,,,,,,,,,,,,,,0,,,122.0,run0074_C2_20260630_000730.jsonl
75,2026-06-30T00:10:45,C1,exit_1,,,,,,,,,,,,,,0,,,62.0,run0075_C1_20260630_000940.jsonl
76,2026-06-30T00:12:54,C2,exit_1,,,,,,,,,,,,,,0,,,122.0,run0076_C2_20260630_001050.jsonl
77,2026-06-30T00:14:04,C1,exit_1,,,,,,,,,,,,,,0,,,62.0,run0077_C1_20260630_001259.jsonl
78,2026-06-30T00:16:14,C2,exit_1,,,,,,,,,,,,,,0,,,122.0,run0078_C2_20260630_001409.jsonl
79,2026-06-30T00:18:23,C1,exit_1,,,,,,,,,,,,,,0,,,122.0,run0079_C1_20260630_001619.jsonl
80,2026-06-30T00:20:33,C2,exit_1,,,,,,,,,,,,,,0,,,122.0,run0080_C2_20260630_001828.jsonl
81,2026-06-30T00:22:43,C1,exit_1,,,,,,,,,,,,,,0,,,122.0,run0081_C1_20260630_002038.jsonl
82,2026-06-30T00:23:52,C2,exit_1,,,,,,,,,,,,,,0,,,62.0,run0082_C2_20260630_002248.jsonl
83,2026-06-30T00:25:01,C1,exit_1,,,,,,,,,,,,,,0,,,62.0,run0083_C1_20260630_002357.jsonl
84,2026-06-30T00:27:11,C2,exit_1,,,,,,,,,,,,,,0,,,122.0,run0084_C2_20260630_002506.jsonl
85,2026-06-30T00:29:20,C1,exit_1,,,,,,,,,,,,,,0,,,122.0,run0085_C1_20260630_002716.jsonl
86,2026-06-30T00:30:30,C2,exit_1,,,,,,,,,,,,,,0,,,62.0,run0086_C2_20260630_002925.jsonl
87,2026-06-30T00:32:40,C1,exit_1,,,,,,,,,,,,,,0,,,122.0,run0087_C1_20260630_003035.jsonl
88,2026-06-30T00:34:49,C2,exit_1,,,,,,,,,,,,,,0,,,122.0,run0088_C2_20260630_003245.jsonl
89,2026-06-30T00:36:59,C1,exit_1,,,,,,,,,,,,,,0,,,122.0,run0089_C1_20260630_003454.jsonl
90,2026-06-30T00:38:08,C2,exit_1,,,,,,,,,,,,,,0,,,62.0,run0090_C2_20260630_003704.jsonl
91,2026-06-30T00:40:18,C1,exit_1,,,,,,,,,,,,,,0,,,122.0,run0091_C1_20260630_003813.jsonl
92,2026-06-30T00:41:27,C2,exit_1,,,,,,,,,,,,,,0,,,62.0,run0092_C2_20260630_004023.jsonl
93,2026-06-30T00:42:37,C1,exit_1,,,,,,,,,,,,,,0,,,62.0,run0093_C1_20260630_004132.jsonl
94,2026-06-30T00:43:46,C2,exit_1,,,,,,,,,,,,,,0,,,62.0,run0094_C2_20260630_004242.jsonl
95,2026-06-30T00:45:56,C1,exit_1,,,,,,,,,,,,,,0,,,122.0,run0095_C1_20260630_004351.jsonl
96,2026-06-30T00:48:05,C2,exit_1,,,,,,,,,,,,,,0,,,122.0,run0096_C2_20260630_004601.jsonl
97,2026-06-30T00:49:15,C1,exit_1,,,,,,,,,,,,,,0,,,62.0,run0097_C1_20260630_004810.jsonl
98,2026-06-30T00:51:24,C2,exit_1,,,,,,,,,,,,,,0,,,122.0,run0098_C2_20260630_004920.jsonl
99,2026-06-30T00:52:34,C1,exit_1,,,,,,,,,,,,,,0,,,62.0,run0099_C1_20260630_005129.jsonl
100,2026-06-30T00:54:44,C2,exit_1,,,,,,,,,,,,,,0,,,122.0,run0100_C2_20260630_005239.jsonl
101,2026-06-30T00:56:53,C1,exit_1,,,,,,,,,,,,,,0,,,122.0,run0101_C1_20260630_005449.jsonl
102,2026-06-30T00:58:03,C2,exit_1,,,,,,,,,,,,,,0,,,62.0,run0102_C2_20260630_005658.jsonl
103,2026-06-30T01:00:12,C1,exit_1,,,,,,,,,,,,,,0,,,122.0,run0103_C1_20260630_005808.jsonl
104,2026-06-30T01:01:22,C2,exit_1,,,,,,,,,,,,,,0,,,62.0,run0104_C2_20260630_010017.jsonl
105,2026-06-30T01:02:31,C1,exit_1,,,,,,,,,,,,,,0,,,62.0,run0105_C1_20260630_010127.jsonl
106,2026-06-30T01:04:41,C2,exit_1,,,,,,,,,,,,,,0,,,122.0,run0106_C2_20260630_010236.jsonl
107,2026-06-30T01:05:50,C1,exit_1,,,,,,,,,,,,,,0,,,62.0,run0107_C1_20260630_010446.jsonl
108,2026-06-30T01:06:59,C2,exit_1,,,,,,,,,,,,,,0,,,62.0,run0108_C2_20260630_010555.jsonl
109,2026-06-30T01:08:09,C1,exit_1,,,,,,,,,,,,,,0,,,62.0,run0109_C1_20260630_010704.jsonl
110,2026-06-30T01:09:18,C2,exit_1,,,,,,,,,,,,,,0,,,62.0,run0110_C2_20260630_010814.jsonl
111,2026-06-30T01:10:28,C1,exit_1,,,,,,,,,,,,,,0,,,62.0,run0111_C1_20260630_010923.jsonl
112,2026-06-30T01:11:37,C2,exit_1,,,,,,,,,,,,,,0,,,62.0,run0112_C2_20260630_011033.jsonl
113,2026-06-30T01:12:47,C1,exit_1,,,,,,,,,,,,,,0,,,62.0,run0113_C1_20260630_011142.jsonl
114,2026-06-30T01:14:56,C2,exit_1,,,,,,,,,,,,,,0,,,122.0,run0114_C2_20260630_011252.jsonl
115,2026-06-30T01:16:06,C1,exit_1,,,,,,,,,,,,,,0,,,62.0,run0115_C1_20260630_011501.jsonl
116,2026-06-30T01:17:15,C2,exit_1,,,,,,,,,,,,,,0,,,62.0,run0116_C2_20260630_011611.jsonl
117,2026-06-30T01:19:25,C1,exit_1,,,,,,,,,,,,,,0,,,122.0,run0117_C1_20260630_011720.jsonl
118,2026-06-30T01:21:35,C2,exit_1,,,,,,,,,,,,,,0,,,122.0,run0118_C2_20260630_011930.jsonl
119,2026-06-30T01:22:44,C1,exit_1,,,,,,,,,,,,,,0,,,62.0,run0119_C1_20260630_012140.jsonl
120,2026-06-30T01:23:54,C2,exit_1,,,,,,,,,,,,,,0,,,62.0,run0120_C2_20260630_012249.jsonl
121,2026-06-30T01:25:03,C1,exit_1,,,,,,,,,,,,,,0,,,62.0,run0121_C1_20260630_012359.jsonl
122,2026-06-30T01:27:13,C2,exit_1,,,,,,,,,,,,,,0,,,122.0,run0122_C2_20260630_012508.jsonl
123,2026-06-30T01:28:22,C1,exit_1,,,,,,,,,,,,,,0,,,62.0,run0123_C1_20260630_012718.jsonl
124,2026-06-30T01:29:32,C2,exit_1,,,,,,,,,,,,,,0,,,62.0,run0124_C2_20260630_012827.jsonl
125,2026-06-30T01:31:41,C1,exit_1,,,,,,,,,,,,,,0,,,122.0,run0125_C1_20260630_012937.jsonl
126,2026-06-30T01:33:51,C2,exit_1,,,,,,,,,,,,,,0,,,122.0,run0126_C2_20260630_013146.jsonl
127,2026-06-30T01:36:01,C1,exit_1,,,,,,,,,,,,,,0,,,122.0,run0127_C1_20260630_013356.jsonl
128,2026-06-30T01:37:10,C2,exit_1,,,,,,,,,,,,,,0,,,62.0,run0128_C2_20260630_013606.jsonl
129,2026-06-30T01:38:20,C1,exit_1,,,,,,,,,,,,,,0,,,62.1,run0129_C1_20260630_013715.jsonl
130,2026-06-30T01:39:29,C2,exit_1,,,,,,,,,,,,,,0,,,62.0,run0130_C2_20260630_013825.jsonl
131,2026-06-30T01:40:38,C1,exit_1,,,,,,,,,,,,,,0,,,62.0,run0131_C1_20260630_013934.jsonl
132,2026-06-30T01:41:48,C2,exit_1,,,,,,,,,,,,,,0,,,62.0,run0132_C2_20260630_014043.jsonl
133,2026-06-30T01:43:57,C1,exit_1,,,,,,,,,,,,,,0,,,122.0,run0133_C1_20260630_014153.jsonl
134,2026-06-30T01:45:07,C2,exit_1,,,,,,,,,,,,,,0,,,62.0,run0134_C2_20260630_014402.jsonl
135,2026-06-30T01:46:16,C1,exit_1,,,,,,,,,,,,,,0,,,62.0,run0135_C1_20260630_014512.jsonl
136,2026-06-30T01:48:26,C2,exit_1,,,,,,,,,,,,,,0,,,122.0,run0136_C2_20260630_014621.jsonl
137,2026-06-30T01:49:35,C1,exit_1,,,,,,,,,,,,,,0,,,62.0,run0137_C1_20260630_014831.jsonl
138,2026-06-30T01:51:45,C2,exit_1,,,,,,,,,,,,,,0,,,122.0,run0138_C2_20260630_014940.jsonl
139,2026-06-30T01:52:54,C1,exit_1,,,,,,,,,,,,,,0,,,62.0,run0139_C1_20260630_015150.jsonl
140,2026-06-30T01:55:04,C2,exit_1,,,,,,,,,,,,,,0,,,122.0,run0140_C2_20260630_015259.jsonl
141,2026-06-30T01:56:13,C1,exit_1,,,,,,,,,,,,,,0,,,62.0,run0141_C1_20260630_015509.jsonl
142,2026-06-30T01:57:23,C2,exit_1,,,,,,,,,,,,,,0,,,62.0,run0142_C2_20260630_015618.jsonl
143,2026-06-30T01:59:33,C1,exit_1,,,,,,,,,,,,,,0,,,122.0,run0143_C1_20260630_015728.jsonl
144,2026-06-30T02:00:42,C2,exit_1,,,,,,,,,,,,,,0,,,62.0,run0144_C2_20260630_015938.jsonl
145,2026-06-30T02:01:52,C1,exit_1,,,,,,,,,,,,,,0,,,62.0,run0145_C1_20260630_020047.jsonl
146,2026-06-30T02:03:01,C2,exit_1,,,,,,,,,,,,,,0,,,62.0,run0146_C2_20260630_020157.jsonl
147,2026-06-30T02:05:11,C1,exit_1,,,,,,,,,,,,,,0,,,122.0,run0147_C1_20260630_020306.jsonl
148,2026-06-30T02:07:20,C2,exit_1,,,,,,,,,,,,,,0,,,122.0,run0148_C2_20260630_020516.jsonl
149,2026-06-30T02:09:30,C1,exit_1,,,,,,,,,,,,,,0,,,122.0,run0149_C1_20260630_020725.jsonl
150,2026-06-30T02:11:40,C2,exit_1,,,,,,,,,,,,,,0,,,122.0,run0150_C2_20260630_020935.jsonl
151,2026-06-30T02:12:49,C1,exit_1,,,,,,,,,,,,,,0,,,62.0,run0151_C1_20260630_021145.jsonl
152,2026-06-30T02:14:59,C2,exit_1,,,,,,,,,,,,,,0,,,122.0,run0152_C2_20260630_021254.jsonl
153,2026-06-30T02:17:08,C1,exit_1,,,,,,,,,,,,,,0,,,122.0,run0153_C1_20260630_021504.jsonl
154,2026-06-30T02:19:18,C2,exit_1,,,,,,,,,,,,,,0,,,122.0,run0154_C2_20260630_021713.jsonl
155,2026-06-30T02:21:28,C1,exit_1,,,,,,,,,,,,,,0,,,122.0,run0155_C1_20260630_021923.jsonl
156,2026-06-30T02:23:37,C2,exit_1,,,,,,,,,,,,,,0,,,122.0,run0156_C2_20260630_022133.jsonl
157,2026-06-30T02:25:47,C1,exit_1,,,,,,,,,,,,,,0,,,122.0,run0157_C1_20260630_022342.jsonl
158,2026-06-30T02:26:57,C2,exit_1,,,,,,,,,,,,,,0,,,62.0,run0158_C2_20260630_022552.jsonl
159,2026-06-30T02:28:06,C1,exit_1,,,,,,,,,,,,,,0,,,62.0,run0159_C1_20260630_022702.jsonl
160,2026-06-30T02:30:16,C2,exit_1,,,,,,,,,,,,,,0,,,122.0,run0160_C2_20260630_022811.jsonl
161,2026-06-30T02:31:25,C1,exit_1,,,,,,,,,,,,,,0,,,62.0,run0161_C1_20260630_023021.jsonl
162,2026-06-30T02:33:35,C2,exit_1,,,,,,,,,,,,,,0,,,122.0,run0162_C2_20260630_023130.jsonl
163,2026-06-30T02:34:44,C1,exit_1,,,,,,,,,,,,,,0,,,62.0,run0163_C1_20260630_023340.jsonl
164,2026-06-30T02:36:54,C2,exit_1,,,,,,,,,,,,,,0,,,122.0,run0164_C2_20260630_023449.jsonl
165,2026-06-30T02:38:03,C1,exit_1,,,,,,,,,,,,,,0,,,62.0,run0165_C1_20260630_023659.jsonl
166,2026-06-30T02:40:13,C2,exit_1,,,,,,,,,,,,,,0,,,122.0,run0166_C2_20260630_023808.jsonl
167,2026-06-30T02:41:23,C1,exit_1,,,,,,,,,,,,,,0,,,62.0,run0167_C1_20260630_024018.jsonl
168,2026-06-30T02:43:32,C2,exit_1,,,,,,,,,,,,,,0,,,122.0,run0168_C2_20260630_024128.jsonl
169,2026-06-30T02:44:42,C1,exit_1,,,,,,,,,,,,,,0,,,62.0,run0169_C1_20260630_024337.jsonl
170,2026-06-30T02:46:51,C2,exit_1,,,,,,,,,,,,,,0,,,122.0,run0170_C2_20260630_024447.jsonl
171,2026-06-30T02:48:01,C1,exit_1,,,,,,,,,,,,,,0,,,62.0,run0171_C1_20260630_024656.jsonl
172,2026-06-30T02:50:11,C2,exit_1,,,,,,,,,,,,,,0,,,122.0,run0172_C2_20260630_024806.jsonl
173,2026-06-30T02:52:20,C1,exit_1,,,,,,,,,,,,,,0,,,122.0,run0173_C1_20260630_025016.jsonl
174,2026-06-30T02:54:30,C2,exit_1,,,,,,,,,,,,,,0,,,122.0,run0174_C2_20260630_025225.jsonl
175,2026-06-30T02:55:39,C1,exit_1,,,,,,,,,,,,,,0,,,62.0,run0175_C1_20260630_025435.jsonl
176,2026-06-30T02:56:49,C2,exit_1,,,,,,,,,,,,,,0,,,62.0,run0176_C2_20260630_025544.jsonl
177,2026-06-30T02:58:58,C1,exit_1,,,,,,,,,,,,,,0,,,122.0,run0177_C1_20260630_025654.jsonl
178,2026-06-30T03:01:08,C2,exit_1,,,,,,,,,,,,,,0,,,122.0,run0178_C2_20260630_025903.jsonl
179,2026-06-30T03:03:18,C1,exit_1,,,,,,,,,,,,,,0,,,122.0,run0179_C1_20260630_030113.jsonl
180,2026-06-30T03:05:28,C2,exit_1,,,,,,,,,,,,,,0,,,122.0,run0180_C2_20260630_030323.jsonl
181,2026-06-30T03:06:37,C1,exit_1,,,,,,,,,,,,,,0,,,62.0,run0181_C1_20260630_030533.jsonl
182,2026-06-30T03:07:46,C2,exit_1,,,,,,,,,,,,,,0,,,62.0,run0182_C2_20260630_030642.jsonl
183,2026-06-30T03:08:56,C1,exit_1,,,,,,,,,,,,,,0,,,62.0,run0183_C1_20260630_030751.jsonl
184,2026-06-30T03:10:05,C2,exit_1,,,,,,,,,,,,,,0,,,62.0,run0184_C2_20260630_030901.jsonl
185,2026-06-30T03:11:15,C1,exit_1,,,,,,,,,,,,,,0,,,62.0,run0185_C1_20260630_031010.jsonl
186,2026-06-30T03:12:24,C2,exit_1,,,,,,,,,,,,,,0,,,62.0,run0186_C2_20260630_031120.jsonl
187,2026-06-30T03:14:34,C1,exit_1,,,,,,,,,,,,,,0,,,122.0,run0187_C1_20260630_031229.jsonl
188,2026-06-30T03:15:44,C2,exit_1,,,,,,,,,,,,,,0,,,62.0,run0188_C2_20260630_031439.jsonl
189,2026-06-30T03:17:53,C1,exit_1,,,,,,,,,,,,,,0,,,122.0,run0189_C1_20260630_031549.jsonl
190,2026-06-30T03:20:03,C2,exit_1,,,,,,,,,,,,,,0,,,122.0,run0190_C2_20260630_031758.jsonl
191,2026-06-30T03:21:12,C1,exit_1,,,,,,,,,,,,,,0,,,62.0,run0191_C1_20260630_032008.jsonl
192,2026-06-30T03:22:22,C2,exit_1,,,,,,,,,,,,,,0,,,62.0,run0192_C2_20260630_032117.jsonl
193,2026-06-30T03:24:31,C1,exit_1,,,,,,,,,,,,,,0,,,122.0,run0193_C1_20260630_032227.jsonl
194,2026-06-30T03:26:41,C2,exit_1,,,,,,,,,,,,,,0,,,122.0,run0194_C2_20260630_032436.jsonl
195,2026-06-30T03:28:51,C1,exit_1,,,,,,,,,,,,,,0,,,122.0,run0195_C1_20260630_032646.jsonl
196,2026-06-30T03:30:00,C2,exit_1,,,,,,,,,,,,,,0,,,62.0,run0196_C2_20260630_032856.jsonl
197,2026-06-30T03:31:10,C1,exit_1,,,,,,,,,,,,,,0,,,62.0,run0197_C1_20260630_033005.jsonl
198,2026-06-30T03:32:19,C2,exit_1,,,,,,,,,,,,,,0,,,62.0,run0198_C2_20260630_033115.jsonl
199,2026-06-30T03:34:28,C1,exit_1,,,,,,,,,,,,,,0,,,122.0,run0199_C1_20260630_033224.jsonl
200,2026-06-30T03:35:38,C2,exit_1,,,,,,,,,,,,,,0,,,62.0,run0200_C2_20260630_033433.jsonl
201,2026-06-30T03:36:47,C1,exit_1,,,,,,,,,,,,,,0,,,62.0,run0201_C1_20260630_033543.jsonl
202,2026-06-30T03:38:57,C2,exit_1,,,,,,,,,,,,,,0,,,122.0,run0202_C2_20260630_033652.jsonl
203,2026-06-30T03:41:06,C1,exit_1,,,,,,,,,,,,,,0,,,122.0,run0203_C1_20260630_033902.jsonl
204,2026-06-30T03:42:16,C2,exit_1,,,,,,,,,,,,,,0,,,62.0,run0204_C2_20260630_034111.jsonl
205,2026-06-30T03:43:25,C1,exit_1,,,,,,,,,,,,,,0,,,62.0,run0205_C1_20260630_034221.jsonl
206,2026-06-30T03:45:35,C2,exit_1,,,,,,,,,,,,,,0,,,122.0,run0206_C2_20260630_034330.jsonl
207,2026-06-30T03:46:44,C1,exit_1,,,,,,,,,,,,,,0,,,62.0,run0207_C1_20260630_034540.jsonl
208,2026-06-30T03:48:54,C2,exit_1,,,,,,,,,,,,,,0,,,122.1,run0208_C2_20260630_034649.jsonl
209,2026-06-30T03:50:03,C1,exit_1,,,,,,,,,,,,,,0,,,62.0,run0209_C1_20260630_034859.jsonl
210,2026-06-30T03:52:13,C2,exit_1,,,,,,,,,,,,,,0,,,122.0,run0210_C2_20260630_035008.jsonl
211,2026-06-30T03:53:23,C1,exit_1,,,,,,,,,,,,,,0,,,62.0,run0211_C1_20260630_035218.jsonl
212,2026-06-30T03:55:29,C2,exit_1,,,,,,,,,,,,,,0,,,118.7,run0212_C2_20260630_035328.jsonl
213,2026-06-30T03:56:38,C1,exit_1,,,,,,,,,,,,,,0,,,62.0,run0213_C1_20260630_035534.jsonl
214,2026-06-30T03:57:48,C2,exit_1,,,,,,,,,,,,,,0,,,62.0,run0214_C2_20260630_035643.jsonl
215,2026-06-30T03:59:58,C1,exit_1,,,,,,,,,,,,,,0,,,122.0,run0215_C1_20260630_035753.jsonl
216,2026-06-30T04:01:07,C2,exit_1,,,,,,,,,,,,,,0,,,62.0,run0216_C2_20260630_040003.jsonl
217,2026-06-30T04:02:16,C1,exit_1,,,,,,,,,,,,,,0,,,62.0,run0217_C1_20260630_040112.jsonl
218,2026-06-30T04:03:26,C2,exit_1,,,,,,,,,,,,,,0,,,62.0,run0218_C2_20260630_040221.jsonl
219,2026-06-30T04:04:35,C1,exit_1,,,,,,,,,,,,,,0,,,62.0,run0219_C1_20260630_040331.jsonl
220,2026-06-30T04:06:45,C2,exit_1,,,,,,,,,,,,,,0,,,122.0,run0220_C2_20260630_040440.jsonl
221,2026-06-30T04:07:54,C1,exit_1,,,,,,,,,,,,,,0,,,62.0,run0221_C1_20260630_040650.jsonl
222,2026-06-30T04:10:04,C2,exit_1,,,,,,,,,,,,,,0,,,122.0,run0222_C2_20260630_040759.jsonl
223,2026-06-30T04:11:14,C1,exit_1,,,,,,,,,,,,,,0,,,62.0,run0223_C1_20260630_041009.jsonl
224,2026-06-30T04:13:23,C2,exit_1,,,,,,,,,,,,,,0,,,122.0,run0224_C2_20260630_041119.jsonl
225,2026-06-30T04:14:33,C1,exit_1,,,,,,,,,,,,,,0,,,62.0,run0225_C1_20260630_041328.jsonl
226,2026-06-30T04:15:42,C2,exit_1,,,,,,,,,,,,,,0,,,62.0,run0226_C2_20260630_041438.jsonl
227,2026-06-30T04:17:52,C1,exit_1,,,,,,,,,,,,,,0,,,122.0,run0227_C1_20260630_041547.jsonl
228,2026-06-30T04:19:01,C2,exit_1,,,,,,,,,,,,,,0,,,62.0,run0228_C2_20260630_041757.jsonl
229,2026-06-30T04:21:11,C1,exit_1,,,,,,,,,,,,,,0,,,122.0,run0229_C1_20260630_041906.jsonl
230,2026-06-30T04:23:21,C2,exit_1,,,,,,,,,,,,,,0,,,122.0,run0230_C2_20260630_042116.jsonl
231,2026-06-30T04:24:30,C1,exit_1,,,,,,,,,,,,,,0,,,62.0,run0231_C1_20260630_042326.jsonl
232,2026-06-30T04:25:40,C2,exit_1,,,,,,,,,,,,,,0,,,62.0,run0232_C2_20260630_042435.jsonl
233,2026-06-30T04:26:49,C1,exit_1,,,,,,,,,,,,,,0,,,62.0,run0233_C1_20260630_042545.jsonl
234,2026-06-30T04:28:59,C2,exit_1,,,,,,,,,,,,,,0,,,122.0,run0234_C2_20260630_042654.jsonl
235,2026-06-30T04:30:08,C1,exit_1,,,,,,,,,,,,,,0,,,62.0,run0235_C1_20260630_042904.jsonl
236,2026-06-30T04:31:18,C2,exit_1,,,,,,,,,,,,,,0,,,62.0,run0236_C2_20260630_043013.jsonl
237,2026-06-30T04:33:27,C1,exit_1,,,,,,,,,,,,,,0,,,122.0,run0237_C1_20260630_043123.jsonl
238,2026-06-30T04:34:37,C2,exit_1,,,,,,,,,,,,,,0,,,62.0,run0238_C2_20260630_043332.jsonl
239,2026-06-30T04:36:46,C1,exit_1,,,,,,,,,,,,,,0,,,122.0,run0239_C1_20260630_043442.jsonl
240,2026-06-30T04:37:56,C2,exit_1,,,,,,,,,,,,,,0,,,62.0,run0240_C2_20260630_043651.jsonl
241,2026-06-30T04:40:05,C1,exit_1,,,,,,,,,,,,,,0,,,122.0,run0241_C1_20260630_043801.jsonl
242,2026-06-30T04:42:15,C2,exit_1,,,,,,,,,,,,,,0,,,122.0,run0242_C2_20260630_044010.jsonl
243,2026-06-30T04:43:24,C1,exit_1,,,,,,,,,,,,,,0,,,62.0,run0243_C1_20260630_044220.jsonl
244,2026-06-30T04:44:34,C2,exit_1,,,,,,,,,,,,,,0,,,62.0,run0244_C2_20260630_044329.jsonl
245,2026-06-30T04:46:43,C1,exit_1,,,,,,,,,,,,,,0,,,122.0,run0245_C1_20260630_044439.jsonl
246,2026-06-30T04:47:53,C2,exit_1,,,,,,,,,,,,,,0,,,62.0,run0246_C2_20260630_044648.jsonl
247,2026-06-30T04:50:02,C1,exit_1,,,,,,,,,,,,,,0,,,122.0,run0247_C1_20260630_044758.jsonl
248,2026-06-30T04:52:12,C2,exit_1,,,,,,,,,,,,,,0,,,122.0,run0248_C2_20260630_045007.jsonl
249,2026-06-30T04:53:22,C1,exit_1,,,,,,,,,,,,,,0,,,62.0,run0249_C1_20260630_045217.jsonl
250,2026-06-30T04:55:31,C2,exit_1,,,,,,,,,,,,,,0,,,122.0,run0250_C2_20260630_045327.jsonl
251,2026-06-30T04:57:41,C1,exit_1,,,,,,,,,,,,,,0,,,122.0,run0251_C1_20260630_045536.jsonl
252,2026-06-30T04:59:51,C2,exit_1,,,,,,,,,,,,,,0,,,122.0,run0252_C2_20260630_045746.jsonl
253,2026-06-30T05:01:00,C1,exit_1,,,,,,,,,,,,,,0,,,62.0,run0253_C1_20260630_045956.jsonl
254,2026-06-30T05:03:10,C2,exit_1,,,,,,,,,,,,,,0,,,122.0,run0254_C2_20260630_050105.jsonl
255,2026-06-30T05:05:20,C1,exit_1,,,,,,,,,,,,,,0,,,122.0,run0255_C1_20260630_050315.jsonl
256,2026-06-30T05:06:29,C2,exit_1,,,,,,,,,,,,,,0,,,62.0,run0256_C2_20260630_050525.jsonl
257,2026-06-30T05:07:38,C1,exit_1,,,,,,,,,,,,,,0,,,62.0,run0257_C1_20260630_050634.jsonl
258,2026-06-30T05:08:48,C2,exit_1,,,,,,,,,,,,,,0,,,62.0,run0258_C2_20260630_050743.jsonl
259,2026-06-30T05:09:57,C1,exit_1,,,,,,,,,,,,,,0,,,62.0,run0259_C1_20260630_050853.jsonl
260,2026-06-30T05:12:07,C2,exit_1,,,,,,,,,,,,,,0,,,122.0,run0260_C2_20260630_051002.jsonl
261,2026-06-30T05:14:17,C1,exit_1,,,,,,,,,,,,,,0,,,122.0,run0261_C1_20260630_051212.jsonl
262,2026-06-30T05:16:26,C2,exit_1,,,,,,,,,,,,,,0,,,122.0,run0262_C2_20260630_051422.jsonl
263,2026-06-30T05:17:36,C1,exit_1,,,,,,,,,,,,,,0,,,62.0,run0263_C1_20260630_051631.jsonl
264,2026-06-30T05:19:46,C2,exit_1,,,,,,,,,,,,,,0,,,122.0,run0264_C2_20260630_051741.jsonl
265,2026-06-30T05:21:55,C1,exit_1,,,,,,,,,,,,,,0,,,122.0,run0265_C1_20260630_051951.jsonl
266,2026-06-30T05:24:05,C2,exit_1,,,,,,,,,,,,,,0,,,122.0,run0266_C2_20260630_052200.jsonl
267,2026-06-30T05:25:15,C1,exit_1,,,,,,,,,,,,,,0,,,62.0,run0267_C1_20260630_052410.jsonl
268,2026-06-30T05:26:24,C2,exit_1,,,,,,,,,,,,,,0,,,62.0,run0268_C2_20260630_052520.jsonl
269,2026-06-30T05:28:34,C1,exit_1,,,,,,,,,,,,,,0,,,122.0,run0269_C1_20260630_052629.jsonl
270,2026-06-30T05:29:43,C2,exit_1,,,,,,,,,,,,,,0,,,62.0,run0270_C2_20260630_052839.jsonl
271,2026-06-30T05:30:53,C1,exit_1,,,,,,,,,,,,,,0,,,62.0,run0271_C1_20260630_052948.jsonl
272,2026-06-30T05:33:03,C2,exit_1,,,,,,,,,,,,,,0,,,122.0,run0272_C2_20260630_053058.jsonl
273,2026-06-30T05:34:12,C1,exit_1,,,,,,,,,,,,,,0,,,62.0,run0273_C1_20260630_053308.jsonl
274,2026-06-30T05:36:22,C2,exit_1,,,,,,,,,,,,,,0,,,122.0,run0274_C2_20260630_053417.jsonl
275,2026-06-30T05:37:31,C1,exit_1,,,,,,,,,,,,,,0,,,62.0,run0275_C1_20260630_053627.jsonl
276,2026-06-30T05:39:41,C2,exit_1,,,,,,,,,,,,,,0,,,122.0,run0276_C2_20260630_053736.jsonl
277,2026-06-30T05:41:51,C1,exit_1,,,,,,,,,,,,,,0,,,122.0,run0277_C1_20260630_053946.jsonl
278,2026-06-30T05:43:00,C2,exit_1,,,,,,,,,,,,,,0,,,62.0,run0278_C2_20260630_054156.jsonl
279,2026-06-30T05:44:10,C1,exit_1,,,,,,,,,,,,,,0,,,62.0,run0279_C1_20260630_054305.jsonl
280,2026-06-30T05:45:19,C2,exit_1,,,,,,,,,,,,,,0,,,62.0,run0280_C2_20260630_054415.jsonl
281,2026-06-30T05:47:29,C1,exit_1,,,,,,,,,,,,,,0,,,122.0,run0281_C1_20260630_054524.jsonl
282,2026-06-30T05:49:38,C2,exit_1,,,,,,,,,,,,,,0,,,122.0,run0282_C2_20260630_054734.jsonl
283,2026-06-30T05:50:48,C1,exit_1,,,,,,,,,,,,,,0,,,62.0,run0283_C1_20260630_054943.jsonl
284,2026-06-30T05:52:57,C2,exit_1,,,,,,,,,,,,,,0,,,122.0,run0284_C2_20260630_055053.jsonl
285,2026-06-30T05:55:07,C1,exit_1,,,,,,,,,,,,,,0,,,122.0,run0285_C1_20260630_055303.jsonl
286,2026-06-30T05:56:17,C2,exit_1,,,,,,,,,,,,,,0,,,62.0,run0286_C2_20260630_055512.jsonl
287,2026-06-30T05:57:26,C1,exit_1,,,,,,,,,,,,,,0,,,62.0,run0287_C1_20260630_055622.jsonl
288,2026-06-30T05:59:36,C2,exit_1,,,,,,,,,,,,,,0,,,122.0,run0288_C2_20260630_055731.jsonl
289,2026-06-30T06:00:45,C1,exit_1,,,,,,,,,,,,,,0,,,62.0,run0289_C1_20260630_055941.jsonl
290,2026-06-30T06:01:55,C2,exit_1,,,,,,,,,,,,,,0,,,62.0,run0290_C2_20260630_060050.jsonl
291,2026-06-30T06:04:05,C1,exit_1,,,,,,,,,,,,,,0,,,122.0,run0291_C1_20260630_060200.jsonl
292,2026-06-30T06:05:14,C2,exit_1,,,,,,,,,,,,,,0,,,62.0,run0292_C2_20260630_060410.jsonl
293,2026-06-30T06:06:24,C1,exit_1,,,,,,,,,,,,,,0,,,62.0,run0293_C1_20260630_060519.jsonl
294,2026-06-30T06:07:33,C2,exit_1,,,,,,,,,,,,,,0,,,62.0,run0294_C2_20260630_060629.jsonl
295,2026-06-30T06:09:43,C1,exit_1,,,,,,,,,,,,,,0,,,122.0,run0295_C1_20260630_060738.jsonl
296,2026-06-30T06:10:52,C2,exit_1,,,,,,,,,,,,,,0,,,62.0,run0296_C2_20260630_060948.jsonl
297,2026-06-30T06:13:02,C1,exit_1,,,,,,,,,,,,,,0,,,122.0,run0297_C1_20260630_061057.jsonl
298,2026-06-30T06:14:11,C2,exit_1,,,,,,,,,,,,,,0,,,62.0,run0298_C2_20260630_061307.jsonl
299,2026-06-30T06:16:21,C1,exit_1,,,,,,,,,,,,,,0,,,122.1,run0299_C1_20260630_061416.jsonl
300,2026-06-30T06:17:31,C2,exit_1,,,,,,,,,,,,,,0,,,62.0,run0300_C2_20260630_061626.jsonl
301,2026-06-30T06:19:40,C1,exit_1,,,,,,,,,,,,,,0,,,122.0,run0301_C1_20260630_061736.jsonl
302,2026-06-30T06:21:50,C2,exit_1,,,,,,,,,,,,,,0,,,122.0,run0302_C2_20260630_061945.jsonl
303,2026-06-30T06:22:59,C1,exit_1,,,,,,,,,,,,,,0,,,62.0,run0303_C1_20260630_062155.jsonl
304,2026-06-30T06:25:09,C2,exit_1,,,,,,,,,,,,,,0,,,122.0,run0304_C2_20260630_062304.jsonl
305,2026-06-30T06:26:19,C1,exit_1,,,,,,,,,,,,,,0,,,62.0,run0305_C1_20260630_062514.jsonl
306,2026-06-30T06:27:28,C2,exit_1,,,,,,,,,,,,,,0,,,62.0,run0306_C2_20260630_062624.jsonl
307,2026-06-30T06:29:38,C1,exit_1,,,,,,,,,,,,,,0,,,122.0,run0307_C1_20260630_062733.jsonl
308,2026-06-30T06:30:47,C2,exit_1,,,,,,,,,,,,,,0,,,62.0,run0308_C2_20260630_062943.jsonl
309,2026-06-30T06:31:57,C1,exit_1,,,,,,,,,,,,,,0,,,62.0,run0309_C1_20260630_063052.jsonl
310,2026-06-30T06:34:06,C2,exit_1,,,,,,,,,,,,,,0,,,122.0,run0310_C2_20260630_063202.jsonl
311,2026-06-30T06:35:16,C1,exit_1,,,,,,,,,,,,,,0,,,62.0,run0311_C1_20260630_063411.jsonl
312,2026-06-30T06:37:25,C2,exit_1,,,,,,,,,,,,,,0,,,122.0,run0312_C2_20260630_063521.jsonl
313,2026-06-30T06:38:35,C1,exit_1,,,,,,,,,,,,,,0,,,62.0,run0313_C1_20260630_063730.jsonl
314,2026-06-30T06:39:44,C2,exit_1,,,,,,,,,,,,,,0,,,62.0,run0314_C2_20260630_063840.jsonl
315,2026-06-30T06:41:54,C1,exit_1,,,,,,,,,,,,,,0,,,122.0,run0315_C1_20260630_063949.jsonl
316,2026-06-30T06:44:03,C2,exit_1,,,,,,,,,,,,,,0,,,122.0,run0316_C2_20260630_064159.jsonl
317,2026-06-30T06:45:13,C1,exit_1,,,,,,,,,,,,,,0,,,62.0,run0317_C1_20260630_064408.jsonl
318,2026-06-30T06:47:22,C2,exit_1,,,,,,,,,,,,,,0,,,122.0,run0318_C2_20260630_064518.jsonl
319,2026-06-30T06:49:32,C1,exit_1,,,,,,,,,,,,,,0,,,122.0,run0319_C1_20260630_064727.jsonl
320,2026-06-30T06:50:41,C2,exit_1,,,,,,,,,,,,,,0,,,62.0,run0320_C2_20260630_064937.jsonl
321,2026-06-30T06:52:51,C1,exit_1,,,,,,,,,,,,,,0,,,122.0,run0321_C1_20260630_065046.jsonl
322,2026-06-30T06:54:00,C2,exit_1,,,,,,,,,,,,,,0,,,62.0,run0322_C2_20260630_065256.jsonl
323,2026-06-30T06:56:10,C1,exit_1,,,,,,,,,,,,,,0,,,122.0,run0323_C1_20260630_065405.jsonl
324,2026-06-30T06:58:20,C2,exit_1,,,,,,,,,,,,,,0,,,122.0,run0324_C2_20260630_065615.jsonl
325,2026-06-30T06:59:29,C1,exit_1,,,,,,,,,,,,,,0,,,62.0,run0325_C1_20260630_065825.jsonl
326,2026-06-30T07:00:38,C2,exit_1,,,,,,,,,,,,,,0,,,62.0,run0326_C2_20260630_065934.jsonl
327,2026-06-30T07:02:48,C1,exit_1,,,,,,,,,,,,,,0,,,122.0,run0327_C1_20260630_070043.jsonl
328,2026-06-30T07:03:57,C2,exit_1,,,,,,,,,,,,,,0,,,62.0,run0328_C2_20260630_070253.jsonl
329,2026-06-30T07:05:07,C1,exit_1,,,,,,,,,,,,,,0,,,62.0,run0329_C1_20260630_070402.jsonl
330,2026-06-30T07:07:16,C2,exit_1,,,,,,,,,,,,,,0,,,122.0,run0330_C2_20260630_070512.jsonl
331,2026-06-30T07:09:26,C1,exit_1,,,,,,,,,,,,,,0,,,122.0,run0331_C1_20260630_070721.jsonl
332,2026-06-30T07:11:35,C2,exit_1,,,,,,,,,,,,,,0,,,122.0,run0332_C2_20260630_070931.jsonl
333,2026-06-30T07:12:45,C1,exit_1,,,,,,,,,,,,,,0,,,62.0,run0333_C1_20260630_071140.jsonl
334,2026-06-30T07:13:54,C2,exit_1,,,,,,,,,,,,,,0,,,62.0,run0334_C2_20260630_071250.jsonl
335,2026-06-30T07:15:04,C1,exit_1,,,,,,,,,,,,,,0,,,62.0,run0335_C1_20260630_071359.jsonl
336,2026-06-30T07:17:13,C2,exit_1,,,,,,,,,,,,,,0,,,122.0,run0336_C2_20260630_071509.jsonl
337,2026-06-30T07:18:23,C1,exit_1,,,,,,,,,,,,,,0,,,62.0,run0337_C1_20260630_071718.jsonl
338,2026-06-30T07:20:33,C2,exit_1,,,,,,,,,,,,,,0,,,122.0,run0338_C2_20260630_071828.jsonl
339,2026-06-30T07:22:42,C1,exit_1,,,,,,,,,,,,,,0,,,122.0,run0339_C1_20260630_072038.jsonl
340,2026-06-30T07:24:52,C2,exit_1,,,,,,,,,,,,,,0,,,122.0,run0340_C2_20260630_072247.jsonl
341,2026-06-30T07:27:01,C1,exit_1,,,,,,,,,,,,,,0,,,122.0,run0341_C1_20260630_072457.jsonl
342,2026-06-30T07:28:11,C2,exit_1,,,,,,,,,,,,,,0,,,62.0,run0342_C2_20260630_072706.jsonl
343,2026-06-30T07:29:20,C1,exit_1,,,,,,,,,,,,,,0,,,62.0,run0343_C1_20260630_072816.jsonl
344,2026-06-30T07:30:30,C2,exit_1,,,,,,,,,,,,,,0,,,62.0,run0344_C2_20260630_072925.jsonl
345,2026-06-30T07:31:39,C1,exit_1,,,,,,,,,,,,,,0,,,62.0,run0345_C1_20260630_073035.jsonl
346,2026-06-30T07:33:49,C2,exit_1,,,,,,,,,,,,,,0,,,122.0,run0346_C2_20260630_073144.jsonl
347,2026-06-30T07:34:58,C1,exit_1,,,,,,,,,,,,,,0,,,62.0,run0347_C1_20260630_073354.jsonl
348,2026-06-30T07:36:08,C2,exit_1,,,,,,,,,,,,,,0,,,62.0,run0348_C2_20260630_073503.jsonl
349,2026-06-30T07:38:18,C1,exit_1,,,,,,,,,,,,,,0,,,122.0,run0349_C1_20260630_073613.jsonl
350,2026-06-30T07:39:27,C2,exit_1,,,,,,,,,,,,,,0,,,62.0,run0350_C2_20260630_073823.jsonl
351,2026-06-30T07:40:36,C1,exit_1,,,,,,,,,,,,,,0,,,62.0,run0351_C1_20260630_073932.jsonl
352,2026-06-30T07:41:46,C2,exit_1,,,,,,,,,,,,,,0,,,62.0,run0352_C2_20260630_074041.jsonl
353,2026-06-30T07:43:55,C1,exit_1,,,,,,,,,,,,,,0,,,122.0,run0353_C1_20260630_074151.jsonl
354,2026-06-30T07:45:05,C2,exit_1,,,,,,,,,,,,,,0,,,62.0,run0354_C2_20260630_074400.jsonl
355,2026-06-30T07:47:14,C1,exit_1,,,,,,,,,,,,,,0,,,122.0,run0355_C1_20260630_074510.jsonl
356,2026-06-30T07:49:24,C2,exit_1,,,,,,,,,,,,,,0,,,122.0,run0356_C2_20260630_074719.jsonl
357,2026-06-30T07:51:33,C1,exit_1,,,,,,,,,,,,,,0,,,122.0,run0357_C1_20260630_074929.jsonl
358,2026-06-30T07:53:43,C2,exit_1,,,,,,,,,,,,,,0,,,122.0,run0358_C2_20260630_075138.jsonl
359,2026-06-30T07:54:52,C1,exit_1,,,,,,,,,,,,,,0,,,62.0,run0359_C1_20260630_075348.jsonl
360,2026-06-30T07:57:02,C2,exit_1,,,,,,,,,,,,,,0,,,122.0,run0360_C2_20260630_075457.jsonl
361,2026-06-30T07:59:11,C1,exit_1,,,,,,,,,,,,,,0,,,122.0,run0361_C1_20260630_075707.jsonl
362,2026-06-30T08:00:21,C2,exit_1,,,,,,,,,,,,,,0,,,62.0,run0362_C2_20260630_075916.jsonl
363,2026-06-30T08:02:31,C1,exit_1,,,,,,,,,,,,,,0,,,122.0,run0363_C1_20260630_080026.jsonl
364,2026-06-30T08:05:17,C2,ok,1.980242821352862,49.70512820512632,0.70549,10.4431,4.039999999999999,0.3089999999999975,1.178,71.24,0.9998,0,2.284,16.534,0,0,3819,3,158.0,run0364_C2_20260630_080236.jsonl
365,2026-06-30T08:12:16,C1,ok,1.204900438744516,49.96578947368387,1.9656,11.9445,13.731000000000023,,1.739,0.3099999999999987,1.0,0,2.729,3.317,0,1,10152,16,410.1,run0365_C1_20260630_080522.jsonl
366,2026-06-30T08:15:07,C2,ok,3.6154973821989533,49.764102564100675,0.48481,10.2778,3.6640000000000015,0.010000000000001563,0.824,63.3,0.9999,0,2.131,2.66,0,0,3867,3,162.0,run0366_C2_20260630_081222.jsonl
367,2026-06-30T08:22:08,C1,ok,1.204900438744516,49.96578947368621,1.9656,11.9445,13.730999999999995,,1.744,0.3000000000000007,1.0,0,2.774,5.449,0,1,10222,16,412.1,run0367_C1_20260630_081512.jsonl
368,2026-06-30T08:24:59,C2,ok,2.001397590361446,49.93947368421486,0.49906,10.4922,3.600999999999999,0.02400000000000091,0.895,63.3,1.0001,0,2.167,10.261,0,0,3858,3,162.0,run0368_C2_20260630_082214.jsonl
369,2026-06-30T08:32:04,C1,ok,1.204900438744516,49.9076923077086,1.9656,11.9445,13.730999999999995,,1.737,0.3000000000000007,0.9994,0,2.797,8.771,0,1,10329,16,416.1,run0369_C1_20260630_082504.jsonl
370,2026-06-30T08:34:55,C2,ok,1.7450486257928122,49.98947368419618,0.48478,10.1905,3.756999999999998,0.0259999999999998,0.8,63.64,1.0001,0,2.229,11.583,0,0,3845,3,162.0,run0370_C2_20260630_083210.jsonl
371,2026-06-30T08:41:54,C1,ok,1.204900438744516,49.83947368419621,1.9656,11.9445,13.730999999999995,,1.744,0.3000000000000007,1.0,0,2.782,4.392,0,1,10220,16,410.1,run0371_C1_20260630_083500.jsonl
372,2026-06-30T08:43:13,C2,exit_1,,,,,,,,,,,,,,0,,,70.0,run0372_C2_20260630_084200.jsonl
373,2026-06-30T08:50:19,C1,ok,1.204900438744516,49.8230769230932,1.9656,11.9445,13.730999999999995,,1.737,0.3000000000000007,0.9997,0,2.802,6.787,0,1,10319,16,418.1,run0373_C1_20260630_084318.jsonl
374,2026-06-30T08:53:10,C2,ok,1.741797120635446,49.68157894737272,0.67498,10.6369,3.6610000000000014,0.0070000000000014495,1.171,71.55,1.0001,0,2.27,10.475,0,0,3867,3,162.0,run0374_C2_20260630_085025.jsonl
375,2026-06-30T09:00:17,C1,ok,1.204900438744516,49.96578947368387,1.9656,11.9445,13.730000000000018,,1.737,0.3000000000000007,1.0,0,2.758,3.292,0,1,10369,16,418.1,run0375_C1_20260630_085316.jsonl
376,2026-06-30T09:03:09,C2,ok,1.793261339092873,49.952631578933016,0.63974,10.4862,3.6569999999999965,0.004000000000001336,1.167,71.84,0.9998,0,2.269,10.858,0,0,3831,3,162.0,run0376_C2_20260630_090023.jsonl
377,2026-06-30T09:10:16,C1,ok,1.204900438744516,49.8230769230932,1.9656,11.9445,13.730999999999995,,1.737,0.3000000000000007,1.0,0,2.814,9.783,0,1,10347,16,418.1,run0377_C1_20260630_090314.jsonl
378,2026-06-30T09:13:07,C2,ok,2.268607228915663,49.71025641025452,0.84756,10.9047,3.6709999999999994,0.01699999999999946,1.242,90.57,1.0,0,2.203,2.796,0,0,3878,3,162.0,run0378_C2_20260630_091022.jsonl
379,2026-06-30T09:20:08,C1,ok,1.204900438744516,49.96578947368621,1.9656,11.9445,13.730000000000018,,1.744,0.3000000000000007,0.9995,0,2.778,4.692,0,1,10197,16,412.1,run0379_C1_20260630_091312.jsonl
380,2026-06-30T09:22:59,C2,ok,0.13058455114822548,49.900000000022985,0.55789,11.8134,3.5710000000000015,0.0329999999999977,0.991,90.59,0.9997,0,2.256,14.893,26,0,3827,29,162.0,run0380_C2_20260630_092014.jsonl
381,2026-06-30T09:30:00,C1,ok,1.204900438744516,49.83947368419621,1.9656,11.9445,13.730999999999995,,1.744,0.3000000000000007,1.0,0,2.754,3.236,0,1,10252,16,412.1,run0381_C1_20260630_092304.jsonl
382,2026-06-30T09:32:51,C2,ok,2.332349726775957,49.764102564100675,0.49941,10.9718,3.628999999999998,0.013999999999999346,0.819,90.57,1.0,0,2.207,10.945,0,0,3839,3,162.0,run0382_C2_20260630_093006.jsonl
383,2026-06-30T09:39:58,C1,ok,1.204900438744516,49.83947368419621,1.9656,11.9445,13.730999999999995,,1.737,0.3000000000000007,1.0,0,2.779,7.342,0,1,10269,16,418.1,run0383_C1_20260630_093256.jsonl
384,2026-06-30T09:42:49,C2,ok,0.48419260129183794,49.923684210530645,0.77255,11.7215,3.6240000000000023,0.009000000000000341,1.525,71.24,1.0,0,2.217,2.906,45,0,3845,48,162.0,run0384_C2_20260630_094004.jsonl
385,2026-06-30T09:49:57,C1,ok,1.204900438744516,49.96578947368621,1.9656,11.9445,13.730999999999995,,1.737,0.3000000000000007,0.9995,0,2.789,3.304,0,1,10383,16,418.1,run0385_C1_20260630_094255.jsonl
386,2026-06-30T09:52:48,C2,ok,1.5317315558248752,49.98717948717759,0.67499,10.1182,3.6529999999999987,0.0,1.159,72.48,1.0001,0,2.259,2.722,0,0,3861,3,162.0,run0386_C2_20260630_095002.jsonl
387,2026-06-30T09:59:49,C1,ok,1.204900438744516,49.96578947368387,1.9656,11.9445,13.730999999999995,,1.743,0.3000000000000007,1.0,0,2.819,3.522,0,1,10140,16,412.1,run0387_C1_20260630_095253.jsonl
388,2026-06-30T10:02:42,C2,ok,1.2327370786516854,49.87631578945936,0.57269,10.0635,3.649000000000001,0.03300000000000125,0.999,90.57,1.0,0,2.289,2.816,0,0,3843,3,164.0,run0388_C2_20260630_095955.jsonl
389,2026-06-30T10:05:07,C1,exit_1,,,,,,,,,,0,,,0,0,0,0,136.0,run0389_C1_20260630_100248.jsonl
390,2026-06-30T10:07:57,C2,ok,2.3860641093011035,49.71025641025452,0.73406,11.552,3.503999999999998,0.003999999999997783,0.95,62.34,0.9996,0,2.202,15.501,0,0,3772,3,162.0,run0390_C2_20260630_100512.jsonl
391,2026-06-30T10:15:04,C1,ok,1.204900438744516,49.8230769230932,1.9656,11.9445,13.730999999999995,,1.737,0.3000000000000007,1.0,0,2.791,3.418,0,1,10379,16,418.1,run0391_C1_20260630_100802.jsonl
392,2026-06-30T10:17:55,C2,ok,1.1346002740977614,49.82051282051095,0.52244,10.5528,3.8599999999999994,0.129999999999999,0.92,90.58000000000001,1.0001,0,2.274,2.819,33,0,3887,36,162.0,run0392_C2_20260630_101510.jsonl
393,2026-06-30T10:25:00,C1,ok,1.204900438744516,49.96578947368621,1.9656,11.9445,13.730000000000018,,1.737,0.3000000000000007,1.0,0,2.78,3.298,0,1,10365,16,416.1,run0393_C1_20260630_101800.jsonl
394,2026-06-30T10:27:51,C2,ok,0.6177791878172589,49.99743589745222,0.6951,10.5704,3.5969999999999978,0.019999999999999574,1.148,80.65,0.9997,0,2.255,2.922,19,0,3867,22,162.0,run0394_C2_20260630_102506.jsonl
395,2026-06-30T10:34:58,C1,ok,1.204900438744516,49.96578947368387,1.9656,11.9445,13.730999999999995,,1.737,0.3000000000000007,0.9995,0,2.77,3.337,0,1,10349,16,418.1,run0395_C1_20260630_102757.jsonl
396,2026-06-30T10:37:50,C2,ok,2.1925868725868725,49.918421052635914,0.6763,10.5229,3.6799999999999997,0.027000000000001023,1.114,71.87,1.0,0,2.268,3.493,0,0,3840,3,162.0,run0396_C2_20260630_103504.jsonl
397,2026-06-30T10:44:57,C1,ok,1.204900438744516,49.56666666666479,1.9656,11.9445,13.72999999999999,,1.737,0.3000000000000007,1.0,0,2.811,3.305,0,1,10370,16,418.1,run0397_C1_20260630_103755.jsonl
398,2026-06-30T10:47:48,C2,ok,1.1374764967837705,49.49473684210957,0.47976,9.0257,3.6240000000000023,0.009000000000000341,0.807,71.85,0.9999,0,2.217,4.976,0,0,3848,3,162.0,run0398_C2_20260630_104503.jsonl
399,2026-06-30T10:54:55,C1,ok,1.204900438744516,49.96578947368387,1.9656,11.9445,13.730999999999995,,1.737,0.3000000000000007,1.0,0,2.778,3.268,0,1,10356,16,418.1,run0399_C1_20260630_104753.jsonl
400,2026-06-30T10:57:46,C2,ok,0.6524846715328468,49.847368421056956,0.48928,10.1748,3.5390000000000015,0.0,0.761,90.57,1.0,0,2.25,2.694,0,0,3834,3,162.0,run0400_C2_20260630_105501.jsonl
401,2026-06-30T11:04:51,C1,ok,1.2487613904826191,49.96578947368387,1.9656,11.9445,13.730999999999995,,1.737,0.3000000000000007,0.9994,0,2.779,3.317,0,1,10311,16,416.1,run0401_C1_20260630_105751.jsonl
402,2026-06-30T11:07:42,C2,ok,1.615832797427653,49.70769230769042,0.71074,11.6411,3.621000000000002,0.004999999999999005,1.631,78.69,0.9996,0,2.313,3.356,0,0,3828,3,162.0,run0402_C2_20260630_110457.jsonl
403,2026-06-30T11:14:49,C1,ok,1.204900438744516,49.96578947368387,1.9656,11.9445,13.730999999999995,,1.737,0.3000000000000007,0.9998,0,2.756,3.302,0,1,10317,16,418.1,run0403_C1_20260630_110748.jsonl
404,2026-06-30T11:17:41,C2,ok,1.0371463514064412,49.71025641025452,0.72953,10.143,3.637999999999998,0.021999999999998465,1.084,71.23,1.0,0,2.289,2.907,1,0,3845,4,162.0,run0404_C2_20260630_111455.jsonl
405,2026-06-30T11:24:44,C1,ok,1.204900438744516,49.96578947368387,1.9656,11.9445,13.730999999999995,,1.744,0.3000000000000007,1.0,0,2.736,3.265,0,1,10242,16,414.1,run0405_C1_20260630_111746.jsonl
406,2026-06-30T11:27:35,C2,ok,1.5886911595866817,49.9897435897417,0.48225,10.1474,3.7659999999999982,0.03500000000000014,0.818,90.57,0.9998,0,2.274,2.911,0,0,3830,3,162.0,run0406_C2_20260630_112450.jsonl
407,2026-06-30T11:34:40,C1,ok,1.204900438744516,49.96578947368387,1.9656,11.9445,13.72999999999999,,1.737,0.3000000000000007,0.9994,0,2.732,3.287,0,1,10344,16,416.1,run0407_C1_20260630_112740.jsonl
408,2026-06-30T11:37:31,C2,ok,1.6941660319878145,49.984615384613484,0.48243,10.0784,3.6400000000000006,0.02499999999999858,0.824,90.57,0.9997,0,2.257,4.739,0,0,3821,3,162.0,run0408_C2_20260630_113446.jsonl
409,2026-06-30T11:44:36,C1,ok,1.204900438744516,49.566666666669306,1.9656,11.8597,13.72999999999999,,1.737,0.3000000000000007,1.0,0,2.787,3.264,0,1,10350,16,416.1,run0409_C1_20260630_113736.jsonl
410,2026-06-30T11:47:27,C2,ok,1.6995378151260507,49.800000000004374,0.69344,10.6175,3.658999999999999,0.004999999999999005,1.177,71.28,1.0001,0,2.23,3.174,0,0,3845,3,162.0,run0410_C2_20260630_114442.jsonl
411,2026-06-30T11:54:34,C1,ok,1.204900438744516,49.83947368419621,1.9656,11.9445,13.730999999999995,,1.737,0.3000000000000007,0.9999,0,2.778,3.308,0,1,10378,16,418.1,run0411_C1_20260630_114732.jsonl
412,2026-06-30T11:57:25,C2,ok,2.748505564387917,49.41794871796485,0.76704,11.7289,3.512999999999998,0.013000000000001677,1.539,71.24,1.0,0,2.232,2.639,1,0,3887,4,162.0,run0412_C2_20260630_115440.jsonl
413,2026-06-30T12:04:27,C1,ok,1.204900438744516,49.9223684210523,1.9656,11.9445,13.730999999999995,,1.744,0.3000000000000007,0.9994,0,2.768,3.275,0,1,10183,16,412.1,run0413_C1_20260630_115731.jsonl
414,2026-06-30T12:07:18,C2,ok,1.4537036317731602,49.815789473688525,0.61456,10.5009,3.4619999999999997,0.0,1.071,71.55,0.9996,0,2.244,2.819,0,0,3827,3,162.0,run0414_C2_20260630_120432.jsonl
415,2026-06-30T12:14:23,C1,ok,1.204900438744516,49.83947368419621,1.9656,11.9445,13.730999999999995,,1.737,0.3000000000000007,1.0,0,2.763,3.243,0,1,10373,16,416.1,run0415_C1_20260630_120723.jsonl
416,2026-06-30T12:17:14,C2,ok,0.49243924946170414,49.70769230769042,0.49944,10.7902,3.4990000000000023,0.038000000000000256,0.794,90.57,1.0001,0,2.256,5.631,212,0,3827,215,162.0,run0416_C2_20260630_121429.jsonl
417,2026-06-30T12:24:13,C1,ok,1.204900438744516,49.736842105248876,1.9656,11.9445,13.730999999999995,,1.744,0.3000000000000007,1.0,0,2.755,3.257,0,1,10214,16,410.1,run0417_C1_20260630_121719.jsonl
418,2026-06-30T12:27:04,C2,ok,2.134605809128631,49.86315789472252,0.56077,11.7973,3.466000000000001,0.004000000000001336,1.176,63.69,1.0,0,2.182,2.708,0,0,3801,3,162.0,run0418_C2_20260630_122419.jsonl
419,2026-06-30T12:34:05,C1,ok,1.204900438744516,49.83947368419621,1.9656,11.9445,13.731000000000023,,1.744,0.3000000000000007,0.9996,0,2.786,4.968,0,1,10225,16,412.1,run0419_C1_20260630_122709.jsonl
420,2026-06-30T12:36:56,C2,ok,1.5762231759656653,49.768421052635894,0.63165,9.1412,3.485999999999997,0.02499999999999858,1.251,63.650000000000006,1.0,0,2.194,13.005,0,0,3872,3,162.0,run0420_C2_20260630_123411.jsonl
421,2026-06-30T12:44:03,C1,ok,1.204900438744516,49.96578947368387,1.9656,11.9445,13.730999999999995,,1.737,0.3000000000000007,1.0,0,2.766,3.258,0,1,10365,16,418.1,run0421_C1_20260630_123701.jsonl
422,2026-06-30T12:46:54,C2,ok,1.8926164623467603,49.84358974358786,0.50951,11.836,3.487000000000002,0.02499999999999858,0.872,63.31,0.9999,0,2.203,2.657,7,0,3881,10,162.0,run0422_C2_20260630_124409.jsonl
423,2026-06-30T12:51:12,C1,exit_3221226505,2.036811490125673,49.96578947368387,1.9656,11.9445,,,1.737,,1.0,0,2.504,10.858,0,0,2639,1,250.1,run0423_C1_20260630_124659.jsonl
424,2026-06-30T12:52:44,C2,exit_3221226505,,42.85000000000024,0.22224,5.7845,,,0.316,,1.0006,0,2.399,80.154,0,0,166,0,84.0,run0424_C2_20260630_125117.jsonl
425,2026-06-30T12:56:19,C1,exit_3221226505,2.036811490125673,49.04736842105229,1.9656,11.9445,,,1.737,,1.0002,0,2.595,31.43,0,0,1682,1,206.1,run0425_C1_20260630_125249.jsonl
426,2026-06-30T12:57:53,C2,exit_3221226505,,39.42894736842121,0.22224,5.7888,,,0.317,,1.0002,0,2.306,57.905,0,0,223,0,86.0,run0426_C2_20260630_125624.jsonl
427,2026-06-30T13:00:39,C1,exit_3221226505,,49.96578947368387,1.48535,11.8205,,,0.528,,1.0001,0,2.86,8.177,0,0,690,1,158.0,run0427_C1_20260630_125758.jsonl
428,2026-06-30T13:02:48,C2,exit_1,,,,,,,,,,,,,,0,,,122.0,run0428_C2_20260630_130044.jsonl
429,2026-06-30T13:03:58,C1,exit_1,,,,,,,,,,,,,,0,,,62.0,run0429_C1_20260630_130253.jsonl
430,2026-06-30T13:05:07,C2,exit_1,,,,,,,,,,,,,,0,,,62.0,run0430_C2_20260630_130403.jsonl
431,2026-06-30T13:12:06,C1,exit_3221226505,1.204900438744516,49.29210526314374,1.9656,11.9445,13.730999999999995,,1.737,0.3000000000000007,1.0,0,2.619,3.456,0,0,6881,12,410.1,run0431_C1_20260630_130512.jsonl
432,2026-06-30T13:14:10,C2,exit_3221226505,,43.53421052631549,0.27236,9.0032,3.3859999999999992,0.0019999999999988916,0.748,36.879999999999995,1.0023,0,2.318,4.808,0,0,959,1,116.0,run0432_C2_20260630_131211.jsonl
433,2026-06-30T13:18:56,C1,exit_3221226505,2.036811490125673,49.96578947368387,1.9656,11.9445,,,1.737,,0.9969,0,2.587,5.218,0,0,1897,1,278.1,run0433_C1_20260630_131415.jsonl
434,2026-06-30T13:21:43,C2,ok,0.6300590938936311,49.76666666666478,0.54672,10.4299,3.509999999999998,0.010000000000001563,0.956,90.57,1.0,0,2.254,2.998,189,0,3762,192,158.0,run0434_C2_20260630_131901.jsonl
435,2026-06-30T13:28:50,C1,ok,1.204900438744516,49.83947368419621,1.9656,11.9445,13.730999999999995,,1.737,0.3000000000000007,0.9999,0,2.772,3.277,0,1,10351,16,418.1,run0435_C1_20260630_132148.jsonl
436,2026-06-30T13:31:41,C2,ok,3.0267772170151406,49.70769230769042,0.49941,10.6417,3.469000000000001,0.0070000000000014495,0.849,63.31,0.9999,0,2.107,2.764,0,0,3869,3,162.0,run0436_C2_20260630_132856.jsonl
437,2026-06-30T13:38:48,C1,ok,1.204900438744516,49.96578947368387,1.9656,11.9445,13.730999999999995,,1.737,0.3000000000000007,1.0,0,2.786,3.277,0,1,10362,16,418.1,run0437_C1_20260630_133146.jsonl
438,2026-06-30T13:41:39,C2,ok,1.0472565789473685,49.317948717946855,0.67992,10.1001,3.4680000000000035,0.006000000000000227,1.19,71.26,0.9998,0,2.247,2.717,0,0,3855,3,162.0,run0438_C2_20260630_133854.jsonl
439,2026-06-30T13:48:46,C1,ok,1.204900438744516,49.83947368423349,1.9656,11.9445,13.730999999999995,,1.737,0.3000000000000007,0.9995,0,2.773,3.502,0,1,10373,16,418.1,run0439_C1_20260630_134144.jsonl
440,2026-06-30T13:51:38,C2,ok,3.4228272251308898,49.96578947366986,0.70142,11.5615,3.469000000000001,0.0070000000000014495,1.243,71.25,1.0,0,2.283,15.008,0,0,3783,3,162.0,run0440_C2_20260630_134852.jsonl
441,2026-06-30T13:58:39,C1,ok,1.204900438744516,49.83947368423349,1.9656,11.9445,13.730999999999995,,1.744,0.3000000000000007,1.0,0,2.806,7.164,0,1,10175,16,412.1,run0441_C1_20260630_135143.jsonl
442,2026-06-30T14:01:30,C2,ok,0.6560736196319019,49.707692307699475,0.4823,10.4892,3.469999999999999,0.007999999999999119,0.81,63.31,1.0,0,2.183,8.791,647,0,3870,650,162.0,run0442_C2_20260630_135845.jsonl
443,2026-06-30T14:08:28,C1,ok,1.204900438744516,49.83947368419621,1.9656,11.9445,13.730999999999995,,1.744,0.3000000000000007,0.9999,0,2.818,10.468,0,1,10082,16,410.1,run0443_C1_20260630_140135.jsonl
444,2026-06-30T14:11:20,C2,ok,1.6473007712082264,49.74871794871606,0.49928,11.2246,3.478999999999999,0.018000000000000682,0.814,90.57,1.0,0,2.264,3.29,0,0,3814,3,162.0,run0444_C2_20260630_140834.jsonl
445,2026-06-30T14:18:25,C1,ok,1.204900438744516,49.96578947368387,1.94979,11.9445,13.72999999999999,,1.737,0.3000000000000007,0.9995,0,2.826,8.825,0,1,10345,16,416.1,run0445_C1_20260630_141125.jsonl
446,2026-06-30T14:21:16,C2,ok,2.8358301158301153,49.984210526301446,0.49945,11.1333,3.4990000000000023,0.036999999999999034,0.821,63.31,1.0,0,2.25,8.875,0,0,3846,3,162.0,run0446_C2_20260630_141830.jsonl
447,2026-06-30T14:28:22,C1,ok,1.204900438744516,49.96578947368387,1.9656,11.9445,13.72999999999999,,1.737,0.3000000000000007,1.0,0,2.926,13.986,0,1,10278,16,418.1,run0447_C1_20260630_142121.jsonl
448,2026-06-30T14:31:14,C2,ok,1.5811855670103092,49.97894736842538,0.63083,10.6107,3.4919999999999973,0.030999999999998806,0.852,63.31,1.0001,0,2.23,10.476,0,0,3797,3,162.0,run0448_C2_20260630_142828.jsonl
449,2026-06-30T14:38:12,C1,ok,1.204900438744516,49.736842105248876,1.9656,11.9445,13.731000000000023,,1.744,0.3000000000000007,1.0,0,2.87,15.951,0,1,10055,16,410.1,run0449_C1_20260630_143119.jsonl
450,2026-06-30T14:41:04,C2,ok,2.0445670789724075,49.98947368419617,0.49944,9.0257,3.4680000000000035,0.006000000000000227,0.766,63.31,1.0,0,2.189,2.608,0,0,3879,3,162.0,run0450_C2_20260630_143818.jsonl
451,2026-06-30T14:48:10,C1,ok,1.204900438744516,49.96578947368387,1.9656,11.9445,13.77000000000001,,1.737,0.3000000000000007,0.9995,0,2.88,11.985,0,1,10250,16,418.1,run0451_C1_20260630_144109.jsonl
452,2026-06-30T14:51:01,C2,ok,3.490011049723757,49.91052631579381,0.4824,11.626,3.497,0.03500000000000014,0.819,63.31,0.9999,0,2.251,24.531,0,0,3853,3,162.0,run0452_C2_20260630_144816.jsonl
453,2026-06-30T14:58:00,C1,ok,1.204900438744516,49.73684210532328,1.9656,11.9445,13.730999999999995,,1.744,0.3000000000000007,0.9998,0,2.805,9.39,0,1,10061,16,410.1,run0453_C1_20260630_145107.jsonl
454,2026-06-30T15:00:51,C2,ok,2.444793842770753,49.76363636362835,0.58494,10.3171,3.4879999999999995,0.027000000000001023,1.033,68.06,1.0001,0,2.354,15.315,0,0,3821,3,162.0,run0454_C2_20260630_145806.jsonl
455,2026-06-30T15:07:52,C1,ok,1.204900438744516,49.96578947368387,1.9656,11.9445,13.730999999999995,,1.737,0.3000000000000007,0.9998,0,2.893,13.094,0,1,10201,16,412.1,run0455_C1_20260630_150057.jsonl
456,2026-06-30T15:10:43,C2,ok,1.136050156739812,49.83684210526747,0.55058,10.8939,3.461999999999996,0.0,0.952,63.019999999999996,0.9997,0,2.247,9.875,0,0,3820,3,162.0,run0456_C2_20260630_150758.jsonl
457,2026-06-30T15:17:44,C1,ok,1.204900438744516,49.97368421051196,1.9656,11.9445,13.72999999999999,,1.745,0.3000000000000007,0.9995,0,2.873,11.158,0,1,10180,16,412.1,run0457_C1_20260630_151048.jsonl
458,2026-06-30T15:20:35,C2,ok,0.36762502451461065,49.62368421051205,0.86637,11.8577,3.4879999999999995,0.0259999999999998,1.761,71.55,1.0001,0,2.28,7.154,43,0,3842,46,162.0,run0458_C2_20260630_151750.jsonl
459,2026-06-30T15:27:36,C1,ok,1.204900438744516,49.96578947368387,1.9656,11.9445,13.730999999999995,,1.744,0.3000000000000007,1.0,0,2.875,10.773,0,1,10208,16,412.1,run0459_C1_20260630_152040.jsonl
460,2026-06-30T15:30:27,C2,ok,1.6619118969133952,49.794736842090956,0.48223,10.3127,3.469999999999999,0.007999999999999119,0.816,90.57,1.0001,0,2.317,8.917,0,0,3859,3,162.0,run0460_C2_20260630_152742.jsonl
461,2026-06-30T15:37:34,C1,ok,1.204900438744516,49.8230769230932,1.9656,11.9445,13.731000000000023,,1.731,0.3000000000000007,0.9999,0,2.911,21.132,0,1,10061,16,418.1,run0461_C1_20260630_153033.jsonl
462,2026-06-30T15:40:26,C2,ok,1.290982276960048,49.794871794851765,0.74891,10.0408,3.478999999999999,0.01699999999999946,1.141,68.16,0.9998,0,2.234,9.303,0,0,3859,3,162.0,run0462_C2_20260630_153740.jsonl
463,2026-06-30T15:47:31,C1,ok,1.204900438744516,49.8230769230932,1.9656,11.9445,13.731000000000023,,1.737,0.3000000000000007,0.9995,0,2.848,13.703,0,1,10184,16,416.1,run0463_C1_20260630_154031.jsonl
464,2026-06-30T15:50:22,C2,ok,1.8990636577972384,49.93076923076734,0.48481,10.0824,3.490000000000002,0.027999999999998693,0.788,90.57,1.0,0,2.3,28.598,0,0,3774,3,162.0,run0464_C2_20260630_154737.jsonl
465,2026-06-30T15:57:29,C1,ok,1.204900438744516,49.96578947368387,1.9656,11.9445,13.730999999999995,,1.737,0.3000000000000007,1.0,0,2.826,9.241,0,1,10340,16,418.1,run0465_C1_20260630_155027.jsonl
466,2026-06-30T16:00:20,C2,ok,1.0968033069238718,49.99210526316224,0.48731,9.0595,3.486000000000004,0.02500000000000213,0.818,61.66,1.0001,0,2.268,14.01,0,0,3889,3,162.0,run0466_C2_20260630_155735.jsonl
467,2026-06-30T16:07:21,C1,ok,1.204900438744516,49.73684210532328,1.9656,11.9445,13.730999999999995,,1.744,0.3000000000000007,1.0,0,2.802,8.906,0,1,10244,16,412.1,run0467_C1_20260630_160025.jsonl
468,2026-06-30T16:10:12,C2,ok,1.141405197305101,49.753846153844265,0.49943,10.0813,3.475999999999999,0.013999999999999346,0.818,90.57,1.0001,0,2.239,2.68,5,0,3864,8,162.0,run0468_C2_20260630_160727.jsonl
469,2026-06-30T16:17:17,C1,ok,1.204900438744516,49.907692307635855,1.9656,11.9445,13.730999999999995,,1.737,0.3000000000000007,0.9995,0,2.88,10.684,0,1,10283,16,416.1,run0469_C1_20260630_161018.jsonl
470,2026-06-30T16:20:08,C2,ok,3.680138408304498,49.77894736842537,0.48145,9.0257,3.488999999999997,0.027999999999998693,0.917,64.0,0.9998,0,2.34,43.265,0,0,3668,3,162.0,run0470_C2_20260630_161723.jsonl
471,2026-06-30T16:27:15,C1,ok,1.204900438744516,49.96578947368621,1.9656,11.9445,13.730000000000018,,1.737,0.3000000000000007,0.9999,0,2.844,10.685,0,1,10278,16,418.1,run0471_C1_20260630_162014.jsonl
472,2026-06-30T16:30:07,C2,ok,1.797920168067227,49.25128205128018,0.89873,11.4456,3.4979999999999976,0.036000000000001364,1.721,68.51,1.0001,0,2.289,10.145,0,0,3855,3,162.0,run0472_C2_20260630_162721.jsonl
473,2026-06-30T16:37:06,C1,ok,1.204900438744516,49.96578947368387,1.9656,11.9445,13.730999999999995,,1.744,0.3000000000000007,1.0,0,2.762,6.296,0,1,10193,16,410.1,run0473_C1_20260630_163012.jsonl
474,2026-06-30T16:39:57,C2,ok,0.5217893368010403,49.850000000004336,0.49943,9.0257,3.4990000000000023,0.038000000000000256,0.82,69.72,1.0,0,2.189,2.7,83,0,3848,86,162.0,run0474_C2_20260630_163712.jsonl
475,2026-06-30T16:46:58,C1,ok,1.204900438744516,49.83947368419621,1.9656,11.9445,13.730999999999995,,1.744,0.3000000000000007,0.9996,0,2.866,9.849,0,1,10253,16,412.1,run0475_C1_20260630_164002.jsonl
476,2026-06-30T16:49:49,C2,ok,1.5706615321138775,49.93421052630145,0.48253,10.0798,3.485999999999997,0.02499999999999858,0.825,90.57,1.0001,0,2.252,12.685,0,0,3802,3,162.0,run0476_C2_20260630_164703.jsonl
477,2026-06-30T16:56:48,C1,ok,1.204900438744516,49.83947368419621,1.9656,11.9445,13.730999999999995,,1.744,0.3000000000000007,0.9998,0,2.801,9.858,0,1,10140,16,410.1,run0477_C1_20260630_164954.jsonl
478,2026-06-30T16:59:39,C2,ok,1.4825687367813882,49.21842105261744,0.73639,11.859,3.490000000000002,0.027999999999998693,1.502,71.55,1.0,0,2.251,2.758,0,0,3792,3,162.0,run0478_C2_20260630_165653.jsonl
479,2026-06-30T17:06:38,C1,ok,1.204900438744516,49.328205128221235,1.9656,11.9445,13.731000000000023,,1.744,0.3000000000000007,0.9995,0,2.825,11.42,0,1,10117,16,410.1,run0479_C1_20260630_165944.jsonl
480,2026-06-30T17:09:29,C2,ok,1.667949029126214,49.99487179486991,0.48056,10.18,3.4909999999999997,0.030000000000001137,0.856,90.57,0.9998,0,2.243,9.25,0,0,3808,3,162.0,run0480_C2_20260630_170644.jsonl
481,2026-06-30T17:16:32,C1,ok,1.204900438744516,49.96578947368387,1.9656,11.9445,13.730999999999995,,1.744,0.3000000000000007,0.9995,0,2.764,4.442,0,1,10183,16,414.1,run0481_C1_20260630_170934.jsonl
482,2026-06-30T17:19:23,C2,ok,1.121329163408913,49.86410256408249,0.61743,10.6068,3.4669999999999987,0.004999999999999005,1.18,71.58,1.0,0,2.229,3.329,0,0,3870,3,162.0,run0482_C2_20260630_171638.jsonl
483,2026-06-30T17:26:23,C1,ok,1.204900438744516,49.67368421053062,1.9656,11.9445,13.731000000000023,,1.739,0.3099999999999987,1.0,0,2.736,4.77,0,1,10121,16,410.1,run0483_C1_20260630_171929.jsonl
484,2026-06-30T17:29:14,C2,ok,0.44636061730806803,49.95526315791776,0.75016,11.3632,3.4849999999999994,0.02400000000000091,1.125,71.85,0.9999,0,2.232,4.35,7,0,3833,10,162.0,run0484_C2_20260630_172628.jsonl
485,2026-06-30T17:36:19,C1,ok,1.204900438744516,49.9076923077086,1.9656,11.9445,13.730999999999995,,1.737,0.3000000000000007,0.9994,0,2.768,5.402,0,1,10370,16,416.1,run0485_C1_20260630_172919.jsonl
486,2026-06-30T17:39:12,C2,ok,1.7630987482614746,49.53684210526746,0.47959,11.1339,3.4669999999999987,0.006000000000000227,0.82,90.57,1.0001,0,2.27,6.983,0,0,3819,3,164.0,run0486_C2_20260630_173625.jsonl
487,2026-06-30T17:46:13,C1,ok,1.204900438744516,49.83947368419621,1.9656,11.8597,13.731000000000023,,1.744,0.3000000000000007,0.9996,0,2.817,11.044,0,1,10148,16,412.1,run0487_C1_20260630_173917.jsonl
488,2026-06-30T17:49:04,C2,ok,0.9987625113739764,49.8948717948699,0.49048,10.176,3.4680000000000035,0.0070000000000014495,0.819,90.57,0.9997,0,2.244,5.443,0,0,3844,3,162.0,run0488_C2_20260630_174619.jsonl
489,2026-06-30T17:56:05,C1,ok,1.204900438744516,49.83947368423349,1.9656,11.9445,13.730999999999995,,1.744,0.3000000000000007,1.0,0,2.758,3.669,0,1,10172,16,412.1,run0489_C1_20260630_174909.jsonl
490,2026-06-30T17:58:56,C2,ok,2.000705521472393,49.72894736842537,0.48479,9.0257,3.4620000000000033,0.0,0.819,71.24,1.0,0,2.228,7.289,0,0,3782,3,162.0,run0490_C2_20260630_175611.jsonl
491,2026-06-30T18:06:03,C1,ok,1.204900438744516,49.9076923077086,1.9656,11.9445,13.72999999999999,,1.737,0.3000000000000007,0.9994,0,2.795,4.779,0,1,10341,16,418.1,run0491_C1_20260630_175902.jsonl
492,2026-06-30T18:08:54,C2,ok,2.491267605633803,49.923684210530645,0.67064,11.6115,3.488999999999997,0.027999999999998693,1.22,71.24,0.9997,0,2.268,9.329,0,0,3876,3,162.0,run0492_C2_20260630_180609.jsonl
493,2026-06-30T18:20:30,C1,ok,1.204900438744516,49.736842105248876,1.9656,11.9445,13.730999999999995,,1.744,0.3000000000000007,0.9994,0,2.764,3.374,0,1,10198,16,408.1,run0493_C1_20260630_181338.jsonl
494,2026-06-30T18:23:21,C2,ok,1.0370299036999497,49.813157894741174,0.69503,9.8459,3.4140000000000015,0.028999999999999915,1.159,90.49000000000001,0.9994,0,2.236,16.936,0,0,3821,3,162.0,run0494_C2_20260630_182036.jsonl
495,2026-06-30T18:30:24,C1,ok,1.204900438744516,49.96578947368387,1.9656,11.9445,13.731000000000023,,1.744,0.3000000000000007,0.9968,0,2.727,9.396,0,1,10131,16,414.1,run0495_C1_20260630_182326.jsonl
496,2026-06-30T18:33:16,C2,ok,0.5888915956151035,49.85789473684644,0.53739,11.3934,3.487000000000002,0.02500000000000213,0.963,90.57,0.9997,0,2.197,2.699,99,0,3870,102,162.0,run0496_C2_20260630_183030.jsonl
497,2026-06-30T18:40:23,C1,ok,1.204900438744516,49.96578947368621,1.9656,11.9445,13.72999999999999,,1.737,0.3000000000000007,1.0,0,2.798,6.42,0,1,10333,16,418.1,run0497_C1_20260630_183321.jsonl
498,2026-06-30T18:43:14,C2,ok,1.8813201885983712,49.06052631579373,0.76356,9.9618,3.631999999999998,0.015999999999998238,1.124,63.3,1.0001,0,2.221,2.973,0,0,3859,3,162.0,run0498_C2_20260630_184029.jsonl
499,2026-06-30T18:50:21,C1,ok,1.204900438744516,49.96578947368387,1.9656,11.9445,13.730999999999995,,1.737,0.3000000000000007,0.9994,0,2.778,3.338,0,1,10326,16,418.1,run0499_C1_20260630_184319.jsonl
500,2026-06-30T18:53:12,C2,ok,0.37765293977624376,49.984210526320126,0.69681,10.5836,3.689,0.036000000000001364,1.059,90.57,1.0,0,2.275,16.539,64,0,3827,67,162.0,run0500_C2_20260630_185027.jsonl
501,2026-06-30T19:00:19,C1,ok,1.204900438744516,49.96578947368387,1.9656,11.9445,13.730999999999995,,1.737,0.3000000000000007,0.9996,0,2.756,3.767,0,1,10282,16,418.1,run0501_C1_20260630_185317.jsonl
502,2026-06-30T19:03:10,C2,ok,1.8012918660287083,49.671052631564685,0.70618,10.1524,3.719999999999999,0.027000000000001023,1.204,80.66,1.0,0,2.167,2.742,628,0,3872,631,162.0,run0502_C2_20260630_190025.jsonl
503,2026-06-30T19:10:13,C1,ok,1.204900438744516,49.96578947368387,1.9656,11.9445,13.730000000000018,,1.744,0.3000000000000007,0.9999,0,2.759,3.368,0,1,10173,16,414.1,run0503_C1_20260630_190316.jsonl
504,2026-06-30T19:13:05,C2,ok,0.3783647199046484,49.89999999998567,0.47704,10.1053,4.344999999999999,0.038000000000000256,0.975,90.57,0.999,0,2.238,17.224,1,0,3776,4,162.0,run0504_C2_20260630_191019.jsonl
505,2026-06-30T19:20:12,C1,ok,1.204900438744516,49.8230769230932,1.9656,11.9445,13.730999999999995,,1.737,0.3000000000000007,0.9995,0,2.779,3.395,0,1,10312,16,418.1,run0505_C1_20260630_191310.jsonl
506,2026-06-30T19:23:03,C2,ok,2.1865281899109794,49.71025641026358,0.48932,9.0257,3.6940000000000026,0.0019999999999988916,0.75,63.349999999999994,0.9999,0,2.173,2.689,0,0,3852,3,162.0,run0506_C2_20260630_192017.jsonl
507,2026-06-30T19:30:04,C1,ok,1.204900438744516,49.96578947368387,1.9656,11.9445,13.730000000000018,,1.744,0.3000000000000007,0.9999,0,2.779,3.399,0,1,10209,16,412.1,run0507_C1_20260630_192309.jsonl
508,2026-06-30T19:32:55,C2,ok,2.4250000000000003,49.74025974026092,0.48249,9.4425,3.6809999999999974,0.027000000000001023,0.896,63.31,0.9983,0,2.269,19.077,0,0,3778,3,162.0,run0508_C2_20260630_193010.jsonl
509,2026-06-30T19:35:20,C1,exit_1,,,,,,,,,,0,10.0,68.6,0,0,0,0,136.0,run0509_C1_20260630_193301.jsonl
510,2026-06-30T19:38:12,C2,ok,1.1192814126773503,49.73333333333145,0.49131,11.6888,4.073,0.34199999999999875,0.954,90.57,0.9934,0,2.28,2.931,0,0,3844,3,164.0,run0510_C2_20260630_193525.jsonl
511,2026-06-30T19:45:19,C1,ok,1.204900438744516,49.83947368423349,1.9656,11.9445,13.730999999999995,,1.737,0.3000000000000007,0.997,0,2.736,5.949,0,1,10264,16,418.1,run0511_C1_20260630_193817.jsonl
512,2026-06-30T19:48:12,C2,ok,1.9563594470046084,49.67631578945942,0.6477,11.0558,3.919999999999998,0.4969999999999999,1.058,64.98,0.9851,0,2.372,10.771,0,0,3794,3,164.0,run0512_C2_20260630_194525.jsonl
513,2026-06-30T19:55:37,C1,ok,1.204900438744516,49.56666666666479,1.9656,11.9445,13.730999999999995,,1.74,0.26000000000000156,0.9674,0,2.685,5.0,0,1,10417,16,436.1,run0513_C1_20260630_194818.jsonl
514,2026-06-30T19:58:28,C2,ok,2.0454196301564727,49.72105263158327,0.56621,10.2869,4.0710000000000015,0.33999999999999986,1.064,81.71,0.9996,0,2.187,8.469,0,0,3860,3,162.0,run0514_C2_20260630_195543.jsonl
515,2026-06-30T20:05:37,C1,ok,1.204900438744516,49.96578947368387,1.9656,11.9445,13.730999999999995,,1.737,0.3000000000000007,0.9997,0,2.716,3.477,0,1,10382,16,420.1,run0515_C1_20260630_195833.jsonl
516,2026-06-30T20:08:28,C2,ok,1.526473880597015,49.71025641026358,0.68384,11.6478,4.113999999999997,0.38400000000000034,1.274,71.25,0.9999,0,2.25,2.565,0,0,3864,3,162.0,run0516_C2_20260630_200542.jsonl
517,2026-06-30T20:15:34,C1,ok,1.204900438744516,49.96578947368387,1.9656,11.9445,13.730999999999995,,1.737,0.3000000000000007,0.9996,0,2.742,3.37,0,1,10343,16,418.1,run0517_C1_20260630_200833.jsonl
518,2026-06-30T20:18:23,C2,ok,1.8173367384166361,49.70769230769042,0.72568,11.6927,3.786999999999999,0.05699999999999861,0.859,90.57,0.9993,0,2.185,2.764,0,0,3836,3,160.0,run0518_C2_20260630_201540.jsonl
519,2026-06-30T20:25:26,C1,ok,1.204900438744516,49.83947368423349,1.9656,11.9445,13.730999999999995,,1.744,0.3000000000000007,1.0,0,2.708,3.304,0,1,10247,16,414.1,run0519_C1_20260630_201828.jsonl
520,2026-06-30T20:28:19,C2,ok,1.8757395558901016,49.726315789478,0.49944,9.0257,4.162999999999997,0.4319999999999986,0.82,64.96,1.0,0,2.163,7.13,0,0,3861,3,164.0,run0520_C2_20260630_202532.jsonl
521,2026-06-30T20:35:17,C1,ok,1.204900438744516,49.96578947368387,1.9656,11.9445,13.730999999999995,,1.739,0.3099999999999987,0.9997,0,2.67,3.485,0,1,10145,16,410.1,run0521_C1_20260630_202824.jsonl
522,2026-06-30T20:38:08,C2,ok,1.8365566234851651,49.758974358990606,0.55392,11.9095,3.889000000000003,0.15899999999999892,1.315,64.96,1.0001,0,2.151,2.626,0,0,3881,3,162.0,run0522_C2_20260630_203523.jsonl
523,2026-06-30T20:45:11,C1,ok,1.204900438744516,49.83947368423349,1.9656,11.9445,13.730999999999995,,1.744,0.3000000000000007,1.0,0,2.711,3.541,0,1,10204,16,414.1,run0523_C1_20260630_203813.jsonl
524,2026-06-30T20:48:02,C2,ok,1.6151569506726458,49.61282051281863,0.48178,9.6265,4.017000000000003,0.2469999999999999,1.055,63.0,0.9999,0,2.154,2.62,0,0,3864,3,162.0,run0524_C2_20260630_204517.jsonl
525,2026-06-30T20:55:11,C1,ok,1.204900438744516,49.96578947368387,1.9656,11.9445,13.730000000000018,,1.737,0.3000000000000007,0.999,0,2.721,3.67,0,1,10283,16,420.1,run0525_C1_20260630_204807.jsonl
526,2026-06-30T20:58:01,C2,ok,1.6903417533432397,49.6842105263201,0.80573,10.8264,4.041,0.31099999999999994,1.454,70.94,1.0,0,2.242,9.579,0,0,3853,3,162.0,run0526_C2_20260630_205516.jsonl
527,2026-06-30T21:05:04,C1,ok,1.204900438744516,49.96578947368387,1.9656,11.9445,13.72999999999999,,1.744,0.3000000000000007,0.9994,0,2.688,3.414,0,1,10183,16,414.1,run0527_C1_20260630_205807.jsonl
528,2026-06-30T21:07:55,C2,ok,1.6269970845481048,49.97692307692118,0.68064,10.5379,4.109999999999999,0.379999999999999,1.195,90.57,1.0,0,2.252,2.607,0,0,3857,3,162.0,run0528_C2_20260630_210510.jsonl
529,2026-06-30T21:14:58,C1,ok,1.204900438744516,49.83947368419621,1.9656,11.9445,13.730999999999995,,1.744,0.3000000000000007,1.0,0,2.696,3.409,0,1,10206,16,414.1,run0529_C1_20260630_210800.jsonl
530,2026-06-30T21:17:49,C2,ok,2.000907313257724,49.62368421051207,0.49149,9.0257,3.9650000000000034,0.2729999999999997,0.82,65.0,1.0,0,2.19,6.348,0,0,3842,3,162.0,run0530_C2_20260630_211503.jsonl
531,2026-06-30T21:24:51,C1,ok,1.204900438744516,49.96578947368387,1.9656,11.9445,13.730999999999995,,1.744,0.3000000000000007,1.0,0,2.69,3.342,0,1,10242,16,414.1,run0531_C1_20260630_211754.jsonl
532,2026-06-30T21:27:42,C2,ok,2.0672402044293015,49.96666666666478,0.48937,9.0918,4.067,0.3359999999999985,1.114,63.69,1.0001,0,2.146,2.695,0,0,3879,3,162.0,run0532_C2_20260630_212457.jsonl
533,2026-06-30T21:34:43,C1,ok,1.204900438744516,49.83947368419621,1.9656,11.9445,13.730999999999995,,1.744,0.3000000000000007,0.9996,0,2.706,4.072,0,1,10160,16,412.1,run0533_C1_20260630_212747.jsonl
534,2026-06-30T21:37:34,C2,ok,1.5634484088717453,49.92564102565732,0.67633,11.7307,3.9579999999999984,0.2270000000000003,1.431,71.24,1.0001,0,2.198,2.602,0,0,3880,3,162.0,run0534_C2_20260630_213449.jsonl
535,2026-06-30T21:44:37,C1,ok,1.204900438744516,49.96578947368387,1.9656,11.9445,13.730999999999995,,1.744,0.3000000000000007,0.9999,0,2.712,3.495,0,1,10210,16,414.1,run0535_C1_20260630_213739.jsonl
536,2026-06-30T21:47:28,C2,ok,1.9927685447912447,49.97105263158328,0.72151,10.2088,3.959000000000003,0.22800000000000153,1.129,70.98,1.0,0,2.224,4.946,0,0,3879,3,162.0,run0536_C2_20260630_214442.jsonl
537,2026-06-30T21:54:34,C1,ok,1.204900438744516,49.96578947368621,1.9656,11.9445,13.730999999999995,,1.737,0.3000000000000007,1.0,0,2.723,3.321,0,1,10371,16,418.1,run0537_C1_20260630_214733.jsonl
